year,site_id,plot_id,range,first_row,row_set,genotype_name,block_id,set_id
2019,EF,19EF0001,2,1,1_4,PI148089,1,CHK-F
2019,EF,19EF0002,2,5,5_8,PI276773,1,Q3
2019,EF,19EF0003,2,9,9_12,NSL50614,1,Q3
2019,EF,19EF0004,2,13,13_16,PI152736B,1,Q3
2019,EF,19EF0005,2,17,17_20,NSL50499,1,Q3
2019,EF,19EF0006,2,21,21_24,PI453219,1,Q3
2019,EF,19EF0007,2,25,25_28,PI665117,1,Q3
2019,EF,19EF0008,2,29,29_32,PI452844,1,Q3
2019,EF,19EF0009,2,33,33_36,NSL54318,1,Q3
2019,EF,19EF0010,2,37,37_40,PI665139,1,Q3
2019,EF,19EF0011,2,41,41_44,NSL51961,5,CHK-B
2019,EF,19EF0012,2,45,45_48,PI525876,5,Q3
2019,EF,19EF0013,2,49,49_52,NSL51969,5,Q3
2019,EF,19EF0014,2,53,53_56,PI329570,5,Q3
2019,EF,19EF0015,2,57,57_60,PI152748,5,Q3
2019,EF,19EF0016,2,61,61_64,PI665072,5,Q3
2019,EF,19EF0017,2,65,65_68,PI453237,5,Q3
2019,EF,19EF0018,2,69,69_72,PI665069,5,Q3
2019,EF,19EF0019,2,73,73_76,PI330070,5,Q3
2019,EF,19EF0020,2,77,77_80,NSL51963,5,Q3
2019,EF,19EF0021,2,81,81_84,Pacesetter,9,CHK-E
2019,EF,19EF0022,2,85,85_88,NSL55523,9,Q1
2019,EF,19EF0023,2,89,89_92,PI563330,9,Q1
2019,EF,19EF0024,2,93,93_96,PI525842,9,Q1
2019,EF,19EF0025,2,97,97_100,PI329510,9,Q1
2019,EF,19EF0026,2,101,101_104,PI453157,9,Q1
2019,EF,19EF0027,2,105,105_108,PI276784,9,Q1
2019,EF,19EF0028,2,109,109_112,PI329727,9,Q1
2019,EF,19EF0029,2,113,113_116,NSL55345B,9,Q1
2019,EF,19EF0030,2,117,117_120,NSL55032,9,Q1
2019,EF,19EF0031,2,121,121_124,PI276801,13,CHK-A
2019,EF,19EF0032,2,125,125_128,PI383856,13,Q1
2019,EF,19EF0033,2,129,129_132,PI148086,13,Q1
2019,EF,19EF0034,2,133,133_136,PI329465,13,Q1
2019,EF,19EF0035,2,137,137_140,PI276790,13,Q1
2019,EF,19EF0036,2,141,141_144,PI453346,13,Q1
2019,EF,19EF0037,2,145,145_148,PI452611,13,Q1
2019,EF,19EF0038,2,149,149_152,PI520872,13,Q1
2019,EF,19EF0039,2,153,153_156,PI452578,13,Q1
2019,EF,19EF0040,2,157,157_160,PI452658,13,Q1
2019,EF,19EF0041,3,157,157_160,NSL55669,13,Q1
2019,EF,19EF0042,3,153,153_156,PI452584,13,Q1
2019,EF,19EF0043,3,149,149_152,PI453522,13,Q1
2019,EF,19EF0044,3,145,145_148,Pacesetter,13,CHK-E
2019,EF,19EF0045,3,141,141_144,PI155329,13,Q1
2019,EF,19EF0046,3,137,137_140,PI453339,13,Q1
2019,EF,19EF0047,3,133,133_136,PI330098,13,Q1
2019,EF,19EF0048,3,129,129_132,PI453326,13,Q1
2019,EF,19EF0049,3,125,125_128,PI521150,13,Q1
2019,EF,19EF0050,3,121,121_124,PI455852,13,Q1
2019,EF,19EF0051,3,117,117_120,PI276781,9,Q1
2019,EF,19EF0052,3,113,113_116,PI454927,9,Q1
2019,EF,19EF0053,3,109,109_112,PI155138,9,Q1
2019,EF,19EF0054,3,105,105_108,PI514431,9,CHK-D
2019,EF,19EF0055,3,101,101_104,PI329392,9,Q1
2019,EF,19EF0056,3,97,97_100,PI453056,9,Q1
2019,EF,19EF0057,3,93,93_96,PI521018,9,Q1
2019,EF,19EF0058,3,89,89_92,PI457092,9,Q1
2019,EF,19EF0059,3,85,85_88,PI148084,9,Q1
2019,EF,19EF0060,3,81,81_84,PI452669,9,Q1
2019,EF,19EF0061,3,77,77_80,PI452947,5,Q3
2019,EF,19EF0062,3,73,73_76,PI291081,5,Q3
2019,EF,19EF0063,3,69,69_72,PI297128,5,Q3
2019,EF,19EF0064,3,65,65_68,PI276801,5,CHK-A
2019,EF,19EF0065,3,61,61_64,PI651167,5,Q3
2019,EF,19EF0066,3,57,57_60,PI568755,5,Q3
2019,EF,19EF0067,3,53,53_56,PI506013,5,Q3
2019,EF,19EF0068,3,49,49_52,PI526032,5,Q3
2019,EF,19EF0069,3,45,45_48,PI276844,5,Q3
2019,EF,19EF0070,3,41,41_44,PI329845,5,Q3
2019,EF,19EF0071,3,37,37_40,PI651102,1,Q3
2019,EF,19EF0072,3,33,33_36,PI526147,1,Q3
2019,EF,19EF0073,3,29,29_32,PI570110,1,Q3
2019,EF,19EF0075,3,21,21_24,PI330877,1,Q3
2019,EF,19EF0076,3,17,17_20,PI506073,1,Q3
2019,EF,19EF0077,3,13,13_16,PI665115,1,Q3
2019,EF,19EF0078,3,9,9_12,PI521094,1,Q3
2019,EF,19EF0079,3,5,5_8,PI525897,1,Q3
2019,EF,19EF0080,3,1,1_4,PI665098,1,Q3
2019,EF,19EF0081,4,1,1_4,NSL50634,1,Q3
2019,EF,19EF0082,4,5,5_8,PI570712,1,Q3
2019,EF,19EF0083,4,9,9_12,PI514431,1,CHK-D
2019,EF,19EF0084,4,13,13_16,PI665104,1,Q3
2019,EF,19EF0085,4,17,17_20,PI665146,1,Q3
2019,EF,19EF0086,4,21,21_24,PI152654,1,Q3
2019,EF,19EF0087,4,25,25_28,NSL54175,1,Q3
2019,EF,19EF0088,4,29,29_32,PI563222,1,Q3
2019,EF,19EF0089,4,33,33_36,PI510757,1,Q3
2019,EF,19EF0090,4,37,37_40,PI453233,1,Q3
2019,EF,19EF0091,4,41,41_44,PI329513,5,Q3
2019,EF,19EF0092,4,45,45_48,NSL54162,5,Q3
2019,EF,19EF0093,4,49,49_52,Pacesetter,5,CHK-E
2019,EF,19EF0094,4,53,53_56,PI152594,5,Q3
2019,EF,19EF0095,4,57,57_60,PI665154,5,Q3
2019,EF,19EF0096,4,61,61_64,PI452984,5,Q3
2019,EF,19EF0097,4,65,65_68,PI521064,5,Q3
2019,EF,19EF0098,4,69,69_72,PI585549,5,Q3
2019,EF,19EF0099,4,73,73_76,PI329843,5,Q3
2019,EF,19EF0100,4,77,77_80,PI586022,5,Q3
2019,EF,19EF0101,4,81,81_84,PI660608,9,Q1
2019,EF,19EF0102,4,85,85_88,PI148084,9,Q1
2019,EF,19EF0103,4,89,89_92,PI148089,9,CHK-F
2019,EF,19EF0104,4,93,93_96,PI329311,9,Q1
2019,EF,19EF0105,4,97,97_100,PI452891,9,Q1
2019,EF,19EF0106,4,101,101_104,PI330169,9,Q1
2019,EF,19EF0107,4,105,105_108,PI453367,9,Q1
2019,EF,19EF0108,4,109,109_112,PI452756,9,Q1
2019,EF,19EF0109,4,113,113_116,PI329444,9,Q1
2019,EF,19EF0110,4,117,117_120,PI452577,9,Q1
2019,EF,19EF0111,4,121,121_124,PI457822,13,Q1
2019,EF,19EF0112,4,125,125_128,PI453349,13,Q1
2019,EF,19EF0113,4,129,129_132,NSL51961,13,CHK-B
2019,EF,19EF0114,4,133,133_136,PI569452,13,Q1
2019,EF,19EF0115,4,137,137_140,PI452851,13,Q1
2019,EF,19EF0116,4,141,141_144,PI329511,13,Q1
2019,EF,19EF0117,4,145,145_148,PI456431,13,Q1
2019,EF,19EF0118,4,149,149_152,PI665150,13,Q1
2019,EF,19EF0119,4,153,153_156,PI651178,13,Q1
2019,EF,19EF0120,4,157,157_160,PI329569,13,Q1
2019,EF,19EF0121,5,157,157_160,PI453179,13,Q1
2019,EF,19EF0122,5,153,153_156,PI521032,13,CHK-C
2019,EF,19EF0123,5,149,149_152,PI453392,13,Q1
2019,EF,19EF0124,5,145,145_148,NSL54591,13,Q1
2019,EF,19EF0125,5,141,141_144,PI454674,13,Q1
2019,EF,19EF0126,5,137,137_140,PI291240,13,Q1
2019,EF,19EF0127,5,133,133_136,PI452736,13,Q1
2019,EF,19EF0128,5,129,129_132,PI452662,13,Q1
2019,EF,19EF0129,5,125,125_128,PI456419,13,Q1
2019,EF,19EF0130,5,121,121_124,PI452656,13,Q1
2019,EF,19EF0131,5,117,117_120,PI452616,9,Q1
2019,EF,19EF0132,5,113,113_116,NSL51961,9,CHK-B
2019,EF,19EF0133,5,109,109_112,PI570388,9,Q1
2019,EF,19EF0134,5,105,105_108,PI452693,9,Q1
2019,EF,19EF0135,5,101,101_104,PI148101,9,Q1
2019,EF,19EF0136,5,97,97_100,PI665133,9,Q1
2019,EF,19EF0137,5,93,93_96,PI453393,9,Q1
2019,EF,19EF0138,5,89,89_92,PI452665,9,Q1
2019,EF,19EF0139,5,85,85_88,PI525059,9,Q1
2019,EF,19EF0140,5,81,81_84,PI148114,9,Q1
2019,EF,19EF0141,5,77,77_80,NSL50937,5,Q3
2019,EF,19EF0142,5,73,73_76,PI514431,5,CHK-D
2019,EF,19EF0143,5,69,69_72,PI665091,5,Q3
2019,EF,19EF0144,5,65,65_68,PI646242,5,Q3
2019,EF,19EF0145,5,61,61_64,PI276828,5,Q3
2019,EF,19EF0146,5,57,57_60,PI452928,5,Q3
2019,EF,19EF0147,5,53,53_56,PI271236,5,Q3
2019,EF,19EF0148,5,49,49_52,NSL51959,5,Q3
2019,EF,19EF0149,5,45,45_48,PI660600,5,Q3
2019,EF,19EF0150,5,41,41_44,PI452990,5,Q3
2019,EF,19EF0151,5,37,37_40,PI152636,1,Q3
2019,EF,19EF0152,5,33,33_36,PI276801,1,CHK-A
2019,EF,19EF0153,5,29,29_32,NSL54236,1,Q3
2019,EF,19EF0154,5,25,25_28,PI452789,1,Q3
2019,EF,19EF0155,5,21,21_24,PI152736A,1,Q3
2019,EF,19EF0156,5,17,17_20,PI276820,1,Q3
2019,EF,19EF0157,5,13,13_16,PI329707,1,Q3
2019,EF,19EF0158,5,9,9_12,NSL54577,1,Q3
2019,EF,19EF0159,5,5,5_8,NSL50449,1,Q3
2019,EF,19EF0160,5,1,1_4,PI585608,1,Q3
2019,EF,19EF0161,6,1,1_4,PI665125,1,Q3
2019,EF,19EF0162,6,5,5_8,PI665088,1,Q3
2019,EF,19EF0163,6,9,9_12,PI563023,1,Q3
2019,EF,19EF0164,6,13,13_16,PI221657,1,Q3
2019,EF,19EF0165,6,17,17_20,Pacesetter,1,CHK-E
2019,EF,19EF0166,6,21,21_24,PI329915,1,Q3
2019,EF,19EF0167,6,25,25_28,PI453288,1,Q3
2019,EF,19EF0168,6,29,29_32,PI521088,1,Q3
2019,EF,19EF0169,6,33,33_36,PI665121,1,Q3
2019,EF,19EF0170,6,37,37_40,PI453269,1,Q3
2019,EF,19EF0171,6,41,41_44,PI506030A,5,Q3
2019,EF,19EF0172,6,45,45_48,PI329637,5,Q3
2019,EF,19EF0173,6,49,49_52,PI454584,5,Q3
2019,EF,19EF0174,6,53,53_56,NSL54144,5,Q3
2019,EF,19EF0175,6,57,57_60,PI148089,5,CHK-F
2019,EF,19EF0176,6,61,61_64,PI609612,5,Q3
2019,EF,19EF0177,6,65,65_68,PI524916,5,Q3
2019,EF,19EF0178,6,69,69_72,PI570916,5,Q3
2019,EF,19EF0179,6,73,73_76,NSL365712,5,Q3
2019,EF,19EF0180,6,77,77_80,PI329549,5,Q3
2019,EF,19EF0181,6,81,81_84,PI453183,9,Q1
2019,EF,19EF0182,6,85,85_88,PI665144,9,Q1
2019,EF,19EF0183,6,89,89_92,PI457183A,9,Q1
2019,EF,19EF0184,6,93,93_96,PI329521,9,Q1
2019,EF,19EF0185,6,97,97_100,PI521032,9,CHK-C
2019,EF,19EF0186,6,101,101_104,PI267542,9,Q1
2019,EF,19EF0187,6,105,105_108,PI453216,9,Q1
2019,EF,19EF0188,6,109,109_112,PI452534,9,Q1
2019,EF,19EF0189,6,113,113_116,PI454468,9,Q1
2019,EF,19EF0190,6,117,117_120,PI456722,9,Q1
2019,EF,19EF0191,6,121,121_124,PI452697,13,Q1
2019,EF,19EF0192,6,125,125_128,PI452874,13,Q1
2019,EF,19EF0193,6,129,129_132,PI148108,13,Q1
2019,EF,19EF0194,6,133,133_136,PI453121,13,Q1
2019,EF,19EF0195,6,137,137_140,PI514431,13,CHK-D
2019,EF,19EF0196,6,141,141_144,PI453453,13,Q1
2019,EF,19EF0197,6,145,145_148,PI526080,13,Q1
2019,EF,19EF0198,6,149,149_152,PI453014,13,Q1
2019,EF,19EF0199,6,153,153_156,PI453463,13,Q1
2019,EF,19EF0200,6,157,157_160,PI452713,13,Q1
2019,EF,19EF0201,7,157,157_160,PI665126,13,Q1
2019,EF,19EF0202,7,153,153_156,PI452988,13,Q1
2019,EF,19EF0203,7,149,149_152,PI453330,13,Q1
2019,EF,19EF0204,7,145,145_148,PI452943,13,Q1
2019,EF,19EF0205,7,141,141_144,PI456392,13,Q1
2019,EF,19EF0206,7,137,137_140,PI452628,13,Q1
2019,EF,19EF0207,7,133,133_136,PI453312,13,Q1
2019,EF,19EF0208,7,129,129_132,PI453115,13,Q1
2019,EF,19EF0209,7,125,125_128,PI329310,13,Q1
2019,EF,19EF0210,7,121,121_124,PI148089,13,CHK-F
2019,EF,19EF0211,7,117,117_120,PI455403,9,Q1
2019,EF,19EF0212,7,113,113_116,PI453329,9,Q1
2019,EF,19EF0213,7,109,109_112,PI452770,9,Q1
2019,EF,19EF0214,7,105,105_108,PI665140,9,Q1
2019,EF,19EF0215,7,101,101_104,PI454131,9,Q1
2019,EF,19EF0216,7,97,97_100,PI196049,9,Q1
2019,EF,19EF0217,7,93,93_96,PI152733,9,Q1
2019,EF,19EF0218,7,89,89_92,PI562732,9,Q1
2019,EF,19EF0219,7,85,85_88,PI457183B,9,Q1
2019,EF,19EF0220,7,81,81_84,PI276801,9,CHK-A
2019,EF,19EF0221,7,77,77_80,PI569458,5,Q3
2019,EF,19EF0222,7,73,73_76,PI514390,5,Q3
2019,EF,19EF0223,7,69,69_72,PI329890,5,Q3
2019,EF,19EF0224,7,65,65_68,PI520982,5,Q3
2019,EF,19EF0225,7,61,61_64,PI660587,5,Q3
2019,EF,19EF0226,7,57,57_60,PI329514,5,Q3
2019,EF,19EF0227,7,53,53_56,PI453370,5,Q3
2019,EF,19EF0228,7,49,49_52,PI526078,5,Q3
2019,EF,19EF0229,7,45,45_48,PI522129,5,Q3
2019,EF,19EF0230,7,41,41_44,PI521032,5,CHK-C
2019,EF,19EF0231,7,37,37_40,PI329665,1,Q3
2019,EF,19EF0232,7,33,33_36,PI525835,1,Q3
2019,EF,19EF0233,7,29,29_32,PI570393,1,Q3
2019,EF,19EF0234,7,25,25_28,PI505705,1,Q3
2019,EF,19EF0235,7,21,21_24,PI665093,1,Q3
2019,EF,19EF0236,7,17,17_20,PI453236,1,Q3
2019,EF,19EF0237,7,13,13_16,PI453328,1,Q3
2019,EF,19EF0238,7,9,9_12,PI453433,1,Q3
2019,EF,19EF0239,7,5,5_8,PI329624,1,Q3
2019,EF,19EF0240,7,1,1_4,NSL51961,1,CHK-B
2019,EF,19EF0241,8,1,1_4,NSL54165,2,Q3
2019,EF,19EF0242,8,5,5_8,PI521032,2,CHK-C
2019,EF,19EF0243,8,9,9_12,PI570109,2,Q3
2019,EF,19EF0244,8,13,13_16,PI329543,2,Q3
2019,EF,19EF0245,8,17,17_20,PI660596,2,Q3
2019,EF,19EF0246,8,21,21_24,PI570090,2,Q3
2019,EF,19EF0247,8,25,25_28,PI660580,2,Q3
2019,EF,19EF0248,8,29,29_32,NSL67921,2,Q3
2019,EF,19EF0249,8,33,33_36,PI665079,2,Q3
2019,EF,19EF0250,8,37,37_40,PI330734,2,Q3
2019,EF,19EF0251,8,41,41_44,PI500996,6,Q3
2019,EF,19EF0252,8,45,45_48,PI452533,6,Q3
2019,EF,19EF0253,8,49,49_52,NSL51961,6,CHK-B
2019,EF,19EF0254,8,53,53_56,PI525677,6,Q3
2019,EF,19EF0255,8,57,57_60,PI506122,6,Q3
2019,EF,19EF0256,8,61,61_64,PI665147,6,Q3
2019,EF,19EF0257,8,65,65_68,PI508366,6,Q3
2019,EF,19EF0258,8,69,69_72,PI570031,6,Q3
2019,EF,19EF0259,8,73,73_76,PI147939,6,Q3
2019,EF,19EF0260,8,77,77_80,PI148084,6,Q3
2019,EF,19EF0261,8,81,81_84,PI453395,10,Q1
2019,EF,19EF0262,8,85,85_88,PI148089,10,CHK-F
2019,EF,19EF0263,8,89,89_92,PI267650,10,Q1
2019,EF,19EF0264,8,93,93_96,PI452958,10,Q1
2019,EF,19EF0265,8,97,97_100,PI452753,10,Q1
2019,EF,19EF0266,8,101,101_104,PI452519,10,Q1
2019,EF,19EF0267,8,105,105_108,NSL55671,10,Q1
2019,EF,19EF0268,8,109,109_112,PI563329,10,Q1
2019,EF,19EF0269,8,113,113_116,PI148084,10,Q1
2019,EF,19EF0270,8,117,117_120,PI452640,10,Q1
2019,EF,19EF0271,8,121,121_124,PI457597,14,Q1
2019,EF,19EF0272,8,125,125_128,Pacesetter,14,CHK-E
2019,EF,19EF0273,8,129,129_132,PI456423,14,Q1
2019,EF,19EF0274,8,133,133_136,PI453852,14,Q1
2019,EF,19EF0275,8,137,137_140,NSL54705,14,Q1
2019,EF,19EF0276,8,141,141_144,PI453315,14,Q1
2019,EF,19EF0277,8,145,145_148,PI453080,14,Q1
2019,EF,19EF0278,8,149,149_152,PI453217,14,Q1
2019,EF,19EF0279,8,153,153_156,PI148083,14,Q1
2019,EF,19EF0280,8,157,157_160,PI453494,14,Q1
2019,EF,19EF0281,9,157,157_160,PI520997,14,Q1
2019,EF,19EF0282,9,153,153_156,PI329301,14,Q1
2019,EF,19EF0283,9,149,149_152,NSL51961,14,CHK-B
2019,EF,19EF0284,9,145,145_148,PI148093,14,Q1
2019,EF,19EF0285,9,141,141_144,PI148084,14,Q1
2019,EF,19EF0286,9,137,137_140,PI452729,14,Q1
2019,EF,19EF0287,9,133,133_136,PI520990,14,Q1
2019,EF,19EF0288,9,129,129_132,PI452991,14,Q1
2019,EF,19EF0289,9,125,125_128,PI452625,14,Q1
2019,EF,19EF0290,9,121,121_124,PI453221,14,Q1
2019,EF,19EF0291,9,117,117_120,PI329321,10,Q1
2019,EF,19EF0292,9,113,113_116,PI456401A,10,Q1
2019,EF,19EF0293,9,109,109_112,Pacesetter,10,CHK-E
2019,EF,19EF0294,9,105,105_108,PI452639,10,Q1
2019,EF,19EF0295,9,101,101_104,PI330185,10,Q1
2019,EF,19EF0296,9,97,97_100,PI453335,10,Q1
2019,EF,19EF0297,9,93,93_96,PI273465,10,Q1
2019,EF,19EF0298,9,89,89_92,PI521198,10,Q1
2019,EF,19EF0299,9,85,85_88,PI453690,10,Q1
2019,EF,19EF0300,9,81,81_84,PI665142,10,Q1
2019,EF,19EF0301,9,77,77_80,PI329525,6,Q3
2019,EF,19EF0302,9,73,73_76,NSL51961,6,Q3
2019,EF,19EF0303,9,69,69_72,PI521032,6,CHK-C
2019,EF,19EF0304,9,65,65_68,PI514465,6,Q3
2019,EF,19EF0305,9,61,61_64,PI525855,6,Q3
2019,EF,19EF0306,9,57,57_60,PI330843,6,Q3
2019,EF,19EF0307,9,53,53_56,PI524933,6,Q3
2019,EF,19EF0308,9,49,49_52,PI651113,6,Q3
2019,EF,19EF0309,9,45,45_48,PI514344,6,Q3
2019,EF,19EF0310,9,41,41_44,PI147938,6,Q3
2019,EF,19EF0311,9,37,37_40,PI526108,2,Q3
2019,EF,19EF0312,9,33,33_36,PI665107,2,Q3
2019,EF,19EF0313,9,29,29_32,PI148089,2,CHK-F
2019,EF,19EF0314,9,25,25_28,PI563216,2,Q3
2019,EF,19EF0315,9,21,21_24,PI660603,2,Q3
2019,EF,19EF0316,9,17,17_20,NSL50748,2,Q3
2019,EF,19EF0317,9,13,13_16,PI454848,2,Q3
2019,EF,19EF0318,9,9,9_12,NSL55731,2,Q3
2019,EF,19EF0319,9,5,5_8,PI329720,2,Q3
2019,EF,19EF0320,9,1,1_4,PI521181,2,Q3
2019,EF,19EF0321,10,1,1_4,PI329528,2,Q3
2019,EF,19EF0322,10,5,5_8,PI267580,2,Q3
2019,EF,19EF0323,10,9,9_12,PI660617,2,Q3
2019,EF,19EF0324,10,13,13_16,PI514431,2,CHK-D
2019,EF,19EF0325,10,17,17_20,PI505741,2,Q3
2019,EF,19EF0326,10,21,21_24,PI525835,2,Q3
2019,EF,19EF0327,10,25,25_28,PI665111,2,Q3
2019,EF,19EF0328,10,29,29_32,PI525941,2,Q3
2019,EF,19EF0329,10,33,33_36,PI453219,2,Q3
2019,EF,19EF0330,10,37,37_40,PI660602,2,Q3
2019,EF,19EF0331,10,41,41_44,PI569457,6,Q3
2019,EF,19EF0332,10,45,45_48,PI148084,6,Q3
2019,EF,19EF0333,10,49,49_52,PI562982,6,Q3
2019,EF,19EF0334,10,53,53_56,Pacesetter,6,CHK-E
2019,EF,19EF0335,10,57,57_60,PI453281,6,Q3
2019,EF,19EF0336,10,61,61_64,PI524689,6,Q3
2019,EF,19EF0337,10,65,65_68,PI521032,6,Q3
2019,EF,19EF0338,10,69,69_72,PI453238,6,Q3
2019,EF,19EF0339,10,73,73_76,PI665149,6,Q3
2019,EF,19EF0340,10,77,77_80,PI660628,6,Q3
2019,EF,19EF0341,10,81,81_84,PI329333,10,Q1
2019,EF,19EF0342,10,85,85_88,PI457135,10,Q1
2019,EF,19EF0343,10,89,89_92,PI453336,10,Q1
2019,EF,19EF0344,10,93,93_96,NSL51961,10,CHK-B
2019,EF,19EF0345,10,97,97_100,PI267364,10,Q1
2019,EF,19EF0346,10,101,101_104,PI452994,10,Q1
2019,EF,19EF0347,10,105,105_108,PI452632,10,Q1
2019,EF,19EF0348,10,109,109_112,PI457167,10,Q1
2019,EF,19EF0349,10,113,113_116,PI454241,10,Q1
2019,EF,19EF0350,10,117,117_120,NSL50464,10,Q1
2019,EF,19EF0351,10,121,121_124,PI330184,14,Q1
2019,EF,19EF0352,10,125,125_128,PI526043,14,Q1
2019,EF,19EF0353,10,129,129_132,PI514425,14,Q1
2019,EF,19EF0354,10,133,133_136,PI276801,14,CHK-A
2019,EF,19EF0355,10,137,137_140,PI267633,14,Q1
2019,EF,19EF0356,10,141,141_144,PI453365,14,Q1
2019,EF,19EF0357,10,145,145_148,PI452995,14,Q1
2019,EF,19EF0358,10,149,149_152,PI452946,14,Q1
2019,EF,19EF0359,10,153,153_156,NSL55350,14,Q1
2019,EF,19EF0360,10,157,157_160,PI329719,14,Q1
2019,EF,19EF0361,11,157,157_160,PI148089,14,CHK-F
2019,EF,19EF0362,11,153,153_156,PI330897,14,Q1
2019,EF,19EF0363,11,149,149_152,PI665137,14,Q1
2019,EF,19EF0364,11,145,145_148,PI452968,14,Q1
2019,EF,19EF0365,11,141,141_144,PI452850,14,Q1
2019,EF,19EF0366,11,137,137_140,PI329367,14,Q1
2019,EF,19EF0367,11,133,133_136,PI591377,14,Q1
2019,EF,19EF0368,11,129,129_132,PI453341,14,Q1
2019,EF,19EF0369,11,125,125_128,PI266927,14,Q1
2019,EF,19EF0370,11,121,121_124,PI453118,14,Q1
2019,EF,19EF0371,11,117,117_120,PI521032,10,CHK-C
2019,EF,19EF0372,11,113,113_116,PI330095,10,Q1
2019,EF,19EF0373,11,109,109_112,PI452987,10,Q1
2019,EF,19EF0374,11,105,105_108,PI453464,10,Q1
2019,EF,19EF0375,11,101,101_104,PI154987,10,Q1
2019,EF,19EF0376,11,97,97_100,PI665145,10,Q1
2019,EF,19EF0377,11,93,93_96,PI453354,10,Q1
2019,EF,19EF0378,11,89,89_92,PI452587,10,Q1
2019,EF,19EF0379,11,85,85_88,PI457145,10,Q1
2019,EF,19EF0380,11,81,81_84,PI457169,10,Q1
2019,EF,19EF0381,11,77,77_80,PI514431,6,CHK-D
2019,EF,19EF0382,11,73,73_76,PI156326,6,Q3
2019,EF,19EF0383,11,69,69_72,PI651168,6,Q3
2019,EF,19EF0384,11,65,65_68,PI665074,6,Q3
2019,EF,19EF0385,11,61,61_64,PI156489,6,Q3
2019,EF,19EF0386,11,57,57_60,PI665071,6,Q3
2019,EF,19EF0387,11,53,53_56,NSL54114,6,Q3
2019,EF,19EF0388,11,49,49_52,PI665084,6,Q3
2019,EF,19EF0389,11,45,45_48,PI452807,6,Q3
2019,EF,19EF0390,11,41,41_44,PI660582,6,Q3
2019,EF,19EF0391,11,37,37_40,PI276801,2,CHK-A
2019,EF,19EF0392,11,33,33_36,PI514456,2,Q3
2019,EF,19EF0393,11,29,29_32,PI153824,2,Q3
2019,EF,19EF0394,11,25,25_28,PI291089,2,Q3
2019,EF,19EF0395,11,21,21_24,PI221651,2,Q3
2019,EF,19EF0396,11,17,17_20,NSL50448,2,Q3
2019,EF,19EF0397,11,13,13_16,PI267592,2,Q3
2019,EF,19EF0398,11,9,9_12,PI453241,2,Q3
2019,EF,19EF0399,11,5,5_8,PI329662,2,Q3
2019,EF,19EF0400,11,1,1_4,PI660555,2,Q3
2019,EF,19EF0401,12,1,1_4,PI524469,2,Q3
2019,EF,19EF0402,12,5,5_8,NSL50613,2,Q3
2019,EF,19EF0403,12,9,9_12,PI329905,2,Q3
2019,EF,19EF0404,12,13,13_16,PI665114,2,Q3
2019,EF,19EF0405,12,17,17_20,PI329645,2,Q3
2019,EF,19EF0406,12,21,21_24,Pacesetter,2,CHK-E
2019,EF,19EF0407,12,25,25_28,PI329550,2,Q3
2019,EF,19EF0408,12,29,29_32,PI525625,2,Q3
2019,EF,19EF0409,12,33,33_36,PI521153,2,Q3
2019,EF,19EF0410,12,37,37_40,PI329541,2,Q3
2019,EF,19EF0411,12,41,41_44,PI148084,6,Q3
2019,EF,19EF0412,12,45,45_48,PI525859,6,Q3
2019,EF,19EF0413,12,49,49_52,PI276789,6,Q3
2019,EF,19EF0414,12,53,53_56,PI329585,6,Q3
2019,EF,19EF0415,12,57,57_60,PI585406,6,Q3
2019,EF,19EF0416,12,61,61_64,PI276801,6,CHK-A
2019,EF,19EF0417,12,65,65_68,PI526053,6,Q3
2019,EF,19EF0418,12,69,69_72,PI147937,6,Q3
2019,EF,19EF0419,12,73,73_76,PI147933,6,Q3
2019,EF,19EF0420,12,77,77_80,PI276800,6,Q3
2019,EF,19EF0421,12,81,81_84,PI524814,10,Q1
2019,EF,19EF0422,12,85,85_88,PI329300,10,Q1
2019,EF,19EF0423,12,89,89_92,PI455257,10,Q1
2019,EF,19EF0424,12,93,93_96,NSL54111,10,Q1
2019,EF,19EF0425,12,97,97_100,PI329403,10,Q1
2019,EF,19EF0426,12,101,101_104,PI514431,10,CHK-D
2019,EF,19EF0427,12,105,105_108,PI329370,10,Q1
2019,EF,19EF0428,12,109,109_112,PI452580,10,Q1
2019,EF,19EF0429,12,113,113_116,PI330165,10,Q1
2019,EF,19EF0430,12,117,117_120,PI329299,10,Q1
2019,EF,19EF0431,12,121,121_124,PI520955,14,Q1
2019,EF,19EF0432,12,125,125_128,PI563351,14,Q1
2019,EF,19EF0433,12,129,129_132,PI453224,14,Q1
2019,EF,19EF0434,12,133,133_136,PI452648,14,Q1
2019,EF,19EF0435,12,137,137_140,PI453290,14,Q1
2019,EF,19EF0436,12,141,141_144,PI521032,14,CHK-C
2019,EF,19EF0437,12,145,145_148,PI452668,14,Q1
2019,EF,19EF0438,12,149,149_152,PI452927,14,Q1
2019,EF,19EF0439,12,153,153_156,PI452590,14,Q1
2019,EF,19EF0440,12,157,157_160,PI521155,14,Q1
2019,EF,19EF0441,13,157,157_160,PI452804,14,Q1
2019,EF,19EF0442,13,153,153_156,PI452982,14,Q1
2019,EF,19EF0443,13,149,149_152,PI453016,14,Q1
2019,EF,19EF0444,13,145,145_148,PI525049,14,Q1
2019,EF,19EF0445,13,141,141_144,PI329386,14,Q1
2019,EF,19EF0446,13,137,137_140,PI454687,14,Q1
2019,EF,19EF0447,13,133,133_136,PI456392,14,Q1
2019,EF,19EF0448,13,129,129_132,PI514431,14,CHK-D
2019,EF,19EF0449,13,125,125_128,PI156268,14,Q1
2019,EF,19EF0450,13,121,121_124,PI453136,14,Q1
2019,EF,19EF0451,13,117,117_120,PI569264,10,Q1
2019,EF,19EF0452,13,113,113_116,PI329391,10,Q1
2019,EF,19EF0453,13,109,109_112,PI453257,10,Q1
2019,EF,19EF0454,13,105,105_108,PI456421,10,Q1
2019,EF,19EF0455,13,101,101_104,NSL67916,10,Q1
2019,EF,19EF0456,13,97,97_100,PI329597,10,Q1
2019,EF,19EF0457,13,93,93_96,PI665129,10,Q1
2019,EF,19EF0458,13,89,89_92,PI455621,10,Q1
2019,EF,19EF0459,13,85,85_88,PI276801,10,CHK-A
2019,EF,19EF0460,13,81,81_84,PI330125,10,Q1
2019,EF,19EF0461,13,77,77_80,PI527676,6,Q3
2019,EF,19EF0462,13,73,73_76,PI514220,6,Q3
2019,EF,19EF0463,13,69,69_72,PI522160,6,Q3
2019,EF,19EF0464,13,65,65_68,PI329605,6,Q3
2019,EF,19EF0465,13,61,61_64,PI506013,6,Q3
2019,EF,19EF0466,13,57,57_60,PI276823,6,Q3
2019,EF,19EF0467,13,53,53_56,PI276788,6,Q3
2019,EF,19EF0468,13,49,49_52,PI514345,6,Q3
2019,EF,19EF0469,13,45,45_48,PI148089,6,CHK-F
2019,EF,19EF0470,13,41,41_44,PI156393,6,Q3
2019,EF,19EF0471,13,37,37_40,PI563350,2,Q3
2019,EF,19EF0472,13,33,33_36,PI506030B,2,Q3
2019,EF,19EF0473,13,29,29_32,PI329613,2,Q3
2019,EF,19EF0474,13,25,25_28,PI525801,2,Q3
2019,EF,19EF0475,13,21,21_24,PI330049,2,Q3
2019,EF,19EF0476,13,17,17_20,NSL51982,2,Q3
2019,EF,19EF0477,13,13,13_16,PI285039,2,Q3
2019,EF,19EF0478,13,9,9_12,PI665143,2,Q3
2019,EF,19EF0479,13,5,5_8,NSL51961,2,CHK-B
2019,EF,19EF0480,13,1,1_4,PI665141,2,Q3
2019,EF,19EF0481,14,1,1_4,PI452808,3,Q4
2019,EF,19EF0482,14,5,5_8,NSL50685,3,Q4
2019,EF,19EF0483,14,9,9_12,PI148089,3,CHK-F
2019,EF,19EF0484,14,13,13_16,PI563352,3,Q4
2019,EF,19EF0485,14,17,17_20,PI267653,3,Q4
2019,EF,19EF0486,14,21,21_24,PI660564,3,Q4
2019,EF,19EF0487,14,25,25_28,PI570969,3,Q4
2019,EF,19EF0488,14,29,29_32,PI330030A,3,Q4
2019,EF,19EF0489,14,33,33_36,PI276770,3,Q4
2019,EF,19EF0490,14,37,37_40,NSL51949,3,Q4
2019,EF,19EF0491,14,41,41_44,PI562997,7,Q4
2019,EF,19EF0492,14,45,45_48,PI569462,7,Q4
2019,EF,19EF0493,14,49,49_52,NSL51961,7,CHK-B
2019,EF,19EF0494,14,53,53_56,PI329383,7,Q4
2019,EF,19EF0495,14,57,57_60,PI570708,7,Q4
2019,EF,19EF0496,14,61,61_64,PI282868,7,Q4
2019,EF,19EF0497,14,65,65_68,PI266061,7,Q4
2019,EF,19EF0498,14,69,69_72,PI282857,7,Q4
2019,EF,19EF0499,14,73,73_76,PI330019,7,Q4
2019,EF,19EF0500,14,77,77_80,PI329506,7,Q4
2019,EF,19EF0501,14,81,81_84,NSL54141,11,Q2
2019,EF,19EF0502,14,85,85_88,PI514497,11,Q2
2019,EF,19EF0503,14,89,89_92,Pacesetter,11,CHK-E
2019,EF,19EF0504,14,93,93_96,PI453234,11,Q2
2019,EF,19EF0505,14,97,97_100,PI514291,11,Q2
2019,EF,19EF0506,14,101,101_104,PI660566,11,Q2
2019,EF,19EF0507,14,105,105_108,PI525814,11,Q2
2019,EF,19EF0508,14,109,109_112,PI665116,11,Q2
2019,EF,19EF0509,14,113,113_116,PI660562,11,Q2
2019,EF,19EF0510,14,117,117_120,NSL55698,11,Q2
2019,EF,19EF0511,14,121,121_124,PI526002,15,Q2
2019,EF,19EF0512,14,125,125_128,PI185458,15,Q2
2019,EF,19EF0513,14,129,129_132,PI521032,15,CHK-C
2019,EF,19EF0514,14,133,133_136,PI481848,15,Q2
2019,EF,19EF0515,14,137,137_140,PI660601,15,Q2
2019,EF,19EF0516,14,141,141_144,PI276818,15,Q2
2019,EF,19EF0517,14,145,145_148,PI329374,15,Q2
2019,EF,19EF0518,14,149,149_152,PI665127,15,Q2
2019,EF,19EF0519,14,153,153_156,NSL54892,15,Q2
2019,EF,19EF0520,14,157,157_160,NSL51981,15,Q2
2019,EF,19EF0521,15,157,157_160,PI329493,15,Q2
2019,EF,19EF0522,15,153,153_156,Pacesetter,15,CHK-E
2019,EF,19EF0523,15,149,149_152,PI665170,15,Q2
2019,EF,19EF0524,15,145,145_148,PI514427,15,Q2
2019,EF,19EF0525,15,141,141_144,PI453363,15,Q2
2019,EF,19EF0526,15,137,137_140,PI525669,15,Q2
2019,EF,19EF0527,15,133,133_136,PI521152,15,Q2
2019,EF,19EF0528,15,129,129_132,PI152593,15,Q2
2019,EF,19EF0529,15,125,125_128,PI453123,15,Q2
2019,EF,19EF0530,15,121,121_124,PI453035,15,Q2
2019,EF,19EF0531,15,117,117_120,PI452529,11,Q2
2019,EF,19EF0532,15,113,113_116,PI148089,11,CHK-F
2019,EF,19EF0533,15,109,109_112,PI521043,11,Q2
2019,EF,19EF0534,15,105,105_108,PI276806,11,Q2
2019,EF,19EF0535,15,101,101_104,PI665082,11,Q2
2019,EF,19EF0536,15,97,97_100,PI525871,11,Q2
2019,EF,19EF0537,15,93,93_96,PI267614,11,Q2
2019,EF,19EF0538,15,89,89_92,NSL54222,11,Q2
2019,EF,19EF0539,15,85,85_88,PI514556,11,Q2
2019,EF,19EF0540,15,81,81_84,PI514196,11,Q2
2019,EF,19EF0541,15,77,77_80,PI329958,7,Q4
2019,EF,19EF0542,15,73,73_76,PI276801,7,CHK-A
2019,EF,19EF0543,15,69,69_72,PI585561,7,Q4
2019,EF,19EF0544,15,65,65_68,PI571022,7,Q4
2019,EF,19EF0545,15,61,61_64,NSL50663,7,Q4
2019,EF,19EF0546,15,57,57_60,PI524456,7,Q4
2019,EF,19EF0547,15,53,53_56,PI513901,7,Q4
2019,EF,19EF0548,15,49,49_52,PI148084,7,Q4
2019,EF,19EF0549,15,45,45_48,PI276776,7,Q4
2019,EF,19EF0550,15,41,41_44,PI585956,7,Q4
2019,EF,19EF0551,15,37,37_40,NSL55704,3,Q4
2019,EF,19EF0552,15,33,33_36,PI521032,1,CHK-C
2019,EF,19EF0553,15,29,29_32,PI562963,3,Q4
2019,EF,19EF0554,15,25,25_28,NSL51356,3,Q4
2019,EF,19EF0555,15,21,21_24,PI329326,3,Q4
2019,EF,19EF0556,15,17,17_20,PI329860,3,Q4
2019,EF,19EF0557,15,13,13_16,PI570074,3,Q4
2019,EF,19EF0558,15,9,9_12,PI453914,3,Q4
2019,EF,19EF0559,15,5,5_8,PI329554,3,Q4
2019,EF,19EF0560,15,1,1_4,PI282861,3,Q4
2019,EF,19EF0561,16,1,1_4,PI221624,3,Q4
2019,EF,19EF0562,16,5,5_8,PI647716,3,Q4
2019,EF,19EF0563,16,9,9_12,PI562981,3,Q4
2019,EF,19EF0564,16,13,13_16,NSL51902,3,Q4
2019,EF,19EF0565,16,17,17_20,PI276801,3,CHK-A
2019,EF,19EF0566,16,21,21_24,PI660559,3,Q4
2019,EF,19EF0567,16,25,25_28,NSL54297,3,Q4
2019,EF,19EF0568,16,29,29_32,NSL102183,3,Q4
2019,EF,19EF0569,16,33,33_36,PI562944,3,Q4
2019,EF,19EF0570,16,37,37_40,PI329323,3,Q4
2019,EF,19EF0571,16,41,41_44,PI267551,7,Q4
2019,EF,19EF0572,16,45,45_48,PI291239,7,Q4
2019,EF,19EF0573,16,49,49_52,NSL54221,7,Q4
2019,EF,19EF0574,16,53,53_56,PI329552,7,Q4
2019,EF,19EF0575,16,57,57_60,PI514431,7,CHK-D
2019,EF,19EF0576,16,61,61_64,PI156034,7,Q4
2019,EF,19EF0577,16,65,65_68,PI665076,7,Q4
2019,EF,19EF0578,16,69,69_72,PI514139,7,Q4
2019,EF,19EF0579,16,73,73_76,PI147837,7,Q4
2019,EF,19EF0580,16,77,77_80,PI570085,7,Q4
2019,EF,19EF0581,16,81,81_84,PI148084,11,Q2
2019,EF,19EF0582,16,85,85_88,PI525665,11,Q2
2019,EF,19EF0583,16,89,89_92,PI521159,11,Q2
2019,EF,19EF0584,16,93,93_96,PI665108,11,Q2
2019,EF,19EF0585,16,97,97_100,NSL51961,11,CHK-B
2019,EF,19EF0586,16,101,101_104,PI552851,11,Q2
2019,EF,19EF0587,16,105,105_108,PI453030,11,Q2
2019,EF,19EF0588,16,109,109_112,PI453129,11,Q2
2019,EF,19EF0589,16,113,113_116,NSL55458A,11,Q2
2019,EF,19EF0590,16,117,117_120,PI521175,11,Q2
2019,EF,19EF0591,16,121,121_124,PI329646,15,Q2
2019,EF,19EF0592,16,125,125_128,PI562897,15,Q2
2019,EF,19EF0593,16,129,129_132,PI505737,15,Q2
2019,EF,19EF0594,16,133,133_136,PI526045,15,Q2
2019,EF,19EF0595,16,137,137_140,PI148089,15,CHK-F
2019,EF,19EF0596,16,141,141_144,PI525780,15,Q2
2019,EF,19EF0597,16,145,145_148,PI452511,15,Q2
2019,EF,19EF0598,16,149,149_152,PI521019,15,Q2
2019,EF,19EF0599,16,153,153_156,PI152702,15,Q2
2019,EF,19EF0600,16,157,157_160,PI329723,15,Q2
2019,EF,19EF0601,17,157,157_160,PI521097,15,Q2
2019,EF,19EF0602,17,153,153_156,PI452761,15,Q2
2019,EF,19EF0603,17,149,149_152,PI453246,15,Q2
2019,EF,19EF0604,17,145,145_148,PI329813,15,Q2
2019,EF,19EF0605,17,141,141_144,PI285041,15,Q2
2019,EF,19EF0606,17,137,137_140,PI452890,15,Q2
2019,EF,19EF0607,17,133,133_136,PI453021,15,Q2
2019,EF,19EF0608,17,129,129_132,PI452659,15,Q2
2019,EF,19EF0609,17,125,125_128,PI525949,15,Q2
2019,EF,19EF0610,17,121,121_124,NSL51961,15,CHK-B
2019,EF,19EF0611,17,117,117_120,PI665080,11,Q2
2019,EF,19EF0612,17,113,113_116,PI521048,11,Q2
2019,EF,19EF0613,17,109,109_112,PI660585,11,Q2
2019,EF,19EF0614,17,105,105_108,PI152705,11,Q2
2019,EF,19EF0615,17,101,101_104,NSL54178,11,Q2
2019,EF,19EF0616,17,97,97_100,NSL51678,11,Q2
2019,EF,19EF0617,17,93,93_96,PI665151,11,Q2
2019,EF,19EF0618,17,89,89_92,PI147838,11,Q2
2019,EF,19EF0619,17,85,85_88,PI505739,11,Q2
2019,EF,19EF0620,17,81,81_84,PI521032,11,CHK-C
2019,EF,19EF0621,17,77,77_80,PI562715,7,Q4
2019,EF,19EF0622,17,73,73_76,PI330800,7,Q4
2019,EF,19EF0623,17,69,69_72,PI514165,7,Q4
2019,EF,19EF0624,17,65,65_68,PI514447,7,Q4
2019,EF,19EF0625,17,61,61_64,NSL52282,7,Q4
2019,EF,19EF0626,17,57,57_60,NSL54184,7,Q4
2019,EF,19EF0627,17,53,53_56,PI496311,7,Q4
2019,EF,19EF0628,17,49,49_52,PI665077,7,Q4
2019,EF,19EF0629,17,45,45_48,PI330894,7,Q4
2019,EF,19EF0630,17,41,41_44,Pacesetter,7,CHK-E
2019,EF,19EF0631,17,37,37_40,PI330030B,3,Q4
2019,EF,19EF0632,17,33,33_36,PI562971,3,Q4
2019,EF,19EF0633,17,29,29_32,PI148084,3,Q4
2019,EF,19EF0634,17,25,25_28,PI665090,3,Q4
2019,EF,19EF0635,17,21,21_24,PI570813,3,Q4
2019,EF,19EF0636,17,17,17_20,PI513913,3,Q4
2019,EF,19EF0637,17,13,13_16,PI514254,3,Q4
2019,EF,19EF0638,17,9,9_12,PI514253,3,Q4
2019,EF,19EF0639,17,5,5_8,PI520857,3,Q4
2019,EF,19EF0640,17,1,1_4,PI514431,3,CHK-D
2019,EF,19EF0641,18,1,1_4,PI569445,3,Q4
2019,EF,19EF0642,18,5,5_8,PI665075,3,Q4
2019,EF,19EF0643,18,9,9_12,PI329429,3,Q4
2019,EF,19EF0644,18,13,13_16,PI563509,3,Q4
2019,EF,19EF0645,18,17,17_20,PI329478,3,Q4
2019,EF,19EF0646,18,21,21_24,PI276853B,3,Q4
2019,EF,19EF0647,18,25,25_28,NSL51961,3,CHK-B
2019,EF,19EF0648,18,29,29_32,PI569421,3,Q4
2019,EF,19EF0649,18,33,33_36,PI665105,3,Q4
2019,EF,19EF0650,18,37,37_40,PI276816,3,Q4
2019,EF,19EF0651,18,41,41_44,PI570071,7,Q4
2019,EF,19EF0652,18,45,45_48,NSL55749,7,Q4
2019,EF,19EF0653,18,49,49_52,PI453215,7,Q4
2019,EF,19EF0654,18,53,53_56,PI337680,7,Q4
2019,EF,19EF0655,18,57,57_60,PI267643,7,Q4
2019,EF,19EF0656,18,61,61_64,PI329517,7,Q4
2019,EF,19EF0657,18,65,65_68,PI521032,7,CHK-C
2019,EF,19EF0658,18,69,69_72,PI570053,7,Q4
2019,EF,19EF0659,18,73,73_76,PI569460,7,Q4
2019,EF,19EF0660,18,77,77_80,PI665089,7,Q4
2019,EF,19EF0661,18,81,81_84,PI563338,11,Q2
2019,EF,19EF0662,18,85,85_88,PI660599,11,Q2
2019,EF,19EF0663,18,89,89_92,PI665132,11,Q2
2019,EF,19EF0664,18,93,93_96,PI525769,11,Q2
2019,EF,19EF0665,18,97,97_100,PI513896,11,Q2
2019,EF,19EF0666,18,101,101_104,PI665124,11,Q2
2019,EF,19EF0667,18,105,105_108,PI276801,11,CHK-A
2019,EF,19EF0668,18,109,109_112,PI285043,11,Q2
2019,EF,19EF0669,18,113,113_116,PI152727,11,Q2
2019,EF,19EF0670,18,117,117_120,PI660592,11,Q2
2019,EF,19EF0671,18,121,121_124,PI452714,15,Q2
2019,EF,19EF0672,18,125,125_128,PI585540,15,Q2
2019,EF,19EF0673,18,129,129_132,PI660613,15,Q2
2019,EF,19EF0674,18,133,133_136,PI525750,15,Q2
2019,EF,19EF0675,18,137,137_140,PI329787,15,Q2
2019,EF,19EF0676,18,141,141_144,PI660595,15,Q2
2019,EF,19EF0677,18,145,145_148,PI514431,15,CHK-D
2019,EF,19EF0678,18,149,149_152,NSL54231,15,Q2
2019,EF,19EF0679,18,153,153_156,PI521057,15,Q2
2019,EF,19EF0680,18,157,157_160,PI455251,15,Q2
2019,EF,19EF0681,19,157,157_160,PI505717,15,Q2
2019,EF,19EF0682,19,153,153_156,PI156217,15,Q2
2019,EF,19EF0683,19,149,149_152,PI453109,15,Q2
2019,EF,19EF0684,19,145,145_148,PI452940,15,Q2
2019,EF,19EF0685,19,141,141_144,PI452930,15,Q2
2019,EF,19EF0686,19,137,137_140,PI291231,15,Q2
2019,EF,19EF0687,19,133,133_136,PI525653,15,Q2
2019,EF,19EF0688,19,129,129_132,PI276801,15,CHK-A
2019,EF,19EF0689,19,125,125_128,PI660571,15,Q2
2019,EF,19EF0690,19,121,121_124,PI329656,15,Q2
2019,EF,19EF0691,19,117,117_120,NSL55230,11,Q2
2019,EF,19EF0692,19,113,113_116,PI452942,11,Q2
2019,EF,19EF0693,19,109,109_112,PI148084,11,Q2
2019,EF,19EF0694,19,105,105_108,PI456899B,11,Q2
2019,EF,19EF0695,19,101,101_104,PI453006,11,Q2
2019,EF,19EF0696,19,97,97_100,PI330833,11,Q2
2019,EF,19EF0697,19,93,93_96,PI525884,11,Q2
2019,EF,19EF0698,19,89,89_92,PI514431,11,CHK-D
2019,EF,19EF0699,19,85,85_88,PI525667,11,Q2
2019,EF,19EF0700,19,81,81_84,PI526017,11,Q2
2019,EF,19EF0701,19,77,77_80,PI276792,7,Q4
2019,EF,19EF0702,19,73,73_76,PI665085,7,Q4
2019,EF,19EF0703,19,69,69_72,PI585966,7,Q4
2019,EF,19EF0704,19,65,65_68,PI329836,7,Q4
2019,EF,19EF0705,19,61,61_64,PI585961,7,Q4
2019,EF,19EF0706,19,57,57_60,NSL50649,7,Q4
2019,EF,19EF0707,19,53,53_56,PI330023,7,Q4
2019,EF,19EF0708,19,49,49_52,PI148089,7,CHK-F
2019,EF,19EF0709,19,45,45_48,PI571001,7,Q4
2019,EF,19EF0710,19,41,41_44,PI660588,7,Q4
2019,EF,19EF0711,19,37,37_40,PI573193,3,Q4
2019,EF,19EF0712,19,33,33_36,PI563039,3,Q4
2019,EF,19EF0713,19,29,29_32,PI276853A,3,Q4
2019,EF,19EF0714,19,25,25_28,NSL50646,3,Q4
2019,EF,19EF0715,19,21,21_24,NSL50579,3,Q4
2019,EF,19EF0716,19,17,17_20,PI570400,3,Q4
2019,EF,19EF0717,19,13,13_16,PI562998,3,Q4
2019,EF,19EF0718,19,9,9_12,Pacesetter,3,CHK-E
2019,EF,19EF0719,19,5,5_8,PI660554,3,Q4
2019,EF,19EF0720,19,1,1_4,PI156463,3,Q4
2019,EF,19EF0721,20,1,1_4,PI660632,4,Q4
2019,EF,19EF0722,20,5,5_8,PI276803,4,Q4
2019,EF,19EF0723,20,9,9_12,PI569419,4,Q4
2019,EF,19EF0724,20,13,13_16,NSL51961,4,CHK-B
2019,EF,19EF0725,20,17,17_20,PI660640,4,Q4
2019,EF,19EF0726,20,21,21_24,PI586792,4,Q4
2019,EF,19EF0727,20,25,25_28,PI330887,4,Q4
2019,EF,19EF0728,20,29,29_32,PI521086,4,Q4
2019,EF,19EF0729,20,33,33_36,PI660590,4,Q4
2019,EF,19EF0730,20,37,37_40,PI651131,4,Q4
2019,EF,19EF0731,20,41,41_44,PI152728,8,Q4
2019,EF,19EF0732,20,45,45_48,PI563006,8,Q4
2019,EF,19EF0733,20,49,49_52,PI329327,8,Q4
2019,EF,19EF0734,20,53,53_56,PI521032,8,CHK-C
2019,EF,19EF0735,20,57,57_60,PI156510,8,Q4
2019,EF,19EF0736,20,61,61_64,PI329998,8,Q4
2019,EF,19EF0737,20,65,65_68,PI647745,8,Q4
2019,EF,19EF0738,20,69,69_72,PI282871,8,Q4
2019,EF,19EF0739,20,73,73_76,PI660636,8,Q4
2019,EF,19EF0740,20,77,77_80,PI276856,8,Q4
2019,EF,19EF0741,20,81,81_84,PI248317,12,Q2
2019,EF,19EF0742,20,85,85_88,PI155885,12,Q2
2019,EF,19EF0743,20,89,89_92,PI505740,12,Q2
2019,EF,19EF0744,20,93,93_96,PI276801,12,CHK-A
2019,EF,19EF0745,20,97,97_100,PI147828,12,Q2
2019,EF,19EF0746,20,101,101_104,PI665109,12,Q2
2019,EF,19EF0747,20,105,105_108,PI665156,12,Q2
2019,EF,19EF0748,20,109,109_112,PI453848,12,Q2
2019,EF,19EF0749,20,113,113_116,PI453110,12,Q2
2019,EF,19EF0750,20,117,117_120,PI525822,12,Q2
2019,EF,19EF0751,20,121,121_124,PI665092,16,Q2
2019,EF,19EF0752,20,125,125_128,PI514475,16,Q2
2019,EF,19EF0753,20,129,129_132,NSL54142,16,Q2
2019,EF,19EF0754,20,133,133_136,Pacesetter,16,CHK-E
2019,EF,19EF0755,20,137,137_140,PI660612,16,Q2
2019,EF,19EF0756,20,141,141_144,PI651116,16,Q2
2019,EF,19EF0757,20,145,145_148,PI330267,16,Q2
2019,EF,19EF0758,20,149,149_152,PI660556,16,Q2
2019,EF,19EF0759,20,153,153_156,PI453127,16,Q2
2019,EF,19EF0760,20,157,157_160,PI329256,16,Q2
2019,EF,19EF0761,21,157,157_160,NSL51961,16,CHK-B
2019,EF,19EF0762,21,153,153_156,PI271233,16,Q2
2019,EF,19EF0763,21,149,149_152,PI665081,16,Q2
2019,EF,19EF0764,21,145,145_148,PI329351,16,Q2
2019,EF,19EF0765,21,141,141_144,PI660614,16,Q2
2019,EF,19EF0766,21,137,137_140,PI570928,16,Q2
2019,EF,19EF0767,21,133,133_136,PI562995,16,Q2
2019,EF,19EF0768,21,129,129_132,PI525875,16,Q2
2019,EF,19EF0769,21,125,125_128,PI318910,16,Q2
2019,EF,19EF0770,21,121,121_124,PI521020,16,Q2
2019,EF,19EF0771,21,117,117_120,NSL51961,12,CHK-B
2019,EF,19EF0772,21,113,113_116,PI453145,12,Q2
2019,EF,19EF0773,21,109,109_112,PI148084,12,Q2
2019,EF,19EF0774,21,105,105_108,PI525742,12,Q2
2019,EF,19EF0775,21,101,101_104,PI330204,12,Q2
2019,EF,19EF0776,21,97,97_100,NSL50717,12,Q2
2019,EF,19EF0777,21,93,93_96,NSL50843,12,Q2
2019,EF,19EF0778,21,89,89_92,PI221662,12,Q2
2019,EF,19EF0779,21,85,85_88,PI525641,12,Q2
2019,EF,19EF0780,21,81,81_84,PI282862,12,Q2
2019,EF,19EF0781,21,77,77_80,PI148089,8,CHK-F
2019,EF,19EF0782,21,73,73_76,NSL80235,8,Q4
2019,EF,19EF0783,21,69,69_72,PI665083,8,Q4
2019,EF,19EF0784,21,65,65_68,PI276787,8,Q4
2019,EF,19EF0785,21,61,61_64,PI651187,8,Q4
2019,EF,19EF0786,21,57,57_60,PI660620,8,Q4
2019,EF,19EF0787,21,53,53_56,PI562968,8,Q4
2019,EF,19EF0788,21,49,49_52,PI457455,8,Q4
2019,EF,19EF0789,21,45,45_48,PI570106,8,Q4
2019,EF,19EF0790,21,41,41_44,PI329471,8,Q4
2019,EF,19EF0791,21,37,37_40,Pacesetter,4,CHK-E
2019,EF,19EF0792,21,33,33_36,PI151198,4,Q4
2019,EF,19EF0793,21,29,29_32,PI276829,4,Q4
2019,EF,19EF0794,21,25,25_28,PI330807,4,Q4
2019,EF,19EF0795,21,21,21_24,PI152856,4,Q4
2019,EF,19EF0796,21,17,17_20,PI568676,4,Q4
2019,EF,19EF0797,21,13,13_16,PI665073,4,Q4
2019,EF,19EF0798,21,9,9_12,PI562991,4,Q4
2019,EF,19EF0799,21,5,5_8,PI329698,4,Q4
2019,EF,19EF0800,21,1,1_4,PI329679,4,Q4
2019,EF,19EF0801,22,1,1_4,PI329278,4,Q4
2019,EF,19EF0802,22,5,5_8,PI514165,4,Q4
2019,EF,19EF0803,22,9,9_12,PI660615,4,Q4
2019,EF,19EF0804,22,13,13_16,PI665148,4,Q4
2019,EF,19EF0805,22,17,17_20,PI149831,4,Q4
2019,EF,19EF0806,22,21,21_24,PI521032,4,CHK-C
2019,EF,19EF0807,22,25,25_28,PI329717,4,Q4
2019,EF,19EF0808,22,29,29_32,PI585794,4,Q4
2019,EF,19EF0809,22,33,33_36,PI329524,4,Q4
2019,EF,19EF0810,22,37,37_40,PI147922,4,Q4
2019,EF,19EF0811,22,41,41_44,PI462095,8,Q4
2019,EF,19EF0812,22,45,45_48,PI329965,8,Q4
2019,EF,19EF0813,22,49,49_52,PI330886,8,Q4
2019,EF,19EF0814,22,53,53_56,PI585467,8,Q4
2019,EF,19EF0815,22,57,57_60,NSL55725,8,Q4
2019,EF,19EF0816,22,61,61_64,PI514431,8,CHK-D
2019,EF,19EF0817,22,65,65_68,PI665103,8,Q4
2019,EF,19EF0818,22,69,69_72,PI660606,8,Q4
2019,EF,19EF0819,22,73,73_76,PI585454,8,Q4
2019,EF,19EF0820,22,77,77_80,PI562980,8,Q4
2019,EF,19EF0821,22,81,81_84,PI521078,12,Q2
2019,EF,19EF0822,22,85,85_88,PI454078,12,Q2
2019,EF,19EF0823,22,89,89_92,PI660616,12,Q2
2019,EF,19EF0824,22,93,93_96,PI647733,12,Q2
2019,EF,19EF0825,22,97,97_100,NSL54779,12,Q2
2019,EF,19EF0826,22,101,101_104,Pacesetter,12,CHK-E
2019,EF,19EF0827,22,105,105_108,PI506058,12,Q2
2019,EF,19EF0828,22,109,109_112,PI525651,12,Q2
2019,EF,19EF0829,22,113,113_116,PI453766,12,Q2
2019,EF,19EF0830,22,117,117_120,PI453882,12,Q2
2019,EF,19EF0831,22,121,121_124,PI525630,16,Q2
2019,EF,19EF0832,22,125,125_128,PI525815,16,Q2
2019,EF,19EF0833,22,129,129_132,PI525931,16,Q2
2019,EF,19EF0834,22,133,133_136,PI665123,16,Q2
2019,EF,19EF0835,22,137,137_140,PI514549,16,Q2
2019,EF,19EF0836,22,141,141_144,PI148089,16,CHK-F
2019,EF,19EF0837,22,145,145_148,PI329362,16,Q2
2019,EF,19EF0838,22,149,149_152,PI520940,16,Q2
2019,EF,19EF0839,22,153,153_156,PI665138,16,Q2
2019,EF,19EF0840,22,157,157_160,PI525896,16,Q2
2019,EF,19EF0841,23,157,157_160,PI329617,16,Q2
2019,EF,19EF0842,23,153,153_156,PI291084,16,Q2
2019,EF,19EF0843,23,149,149_152,PI585433,16,Q2
2019,EF,19EF0844,23,145,145_148,PI526015,16,Q2
2019,EF,19EF0845,23,141,141_144,PI454019,16,Q2
2019,EF,19EF0846,23,137,137_140,PI570254,16,Q2
2019,EF,19EF0847,23,133,133_136,PI525676,16,Q2
2019,EF,19EF0848,23,129,129_132,PI521069,16,Q2
2019,EF,19EF0849,3,25,25_29,PI521032,3,CHK-C
2019,EF,19EF0849,23,125,125_128,PI521032,16,CHK-C
2019,EF,19EF0850,23,121,121_124,PI521168,16,Q2
2019,EF,19EF0851,23,117,117_120,PI452906,12,Q2
2019,EF,19EF0852,23,113,113_116,PI154846,12,Q2
2019,EF,19EF0853,23,109,109_112,PI267629,12,Q2
2019,EF,19EF0854,23,105,105_108,PI525671,12,Q2
2019,EF,19EF0855,23,101,101_104,PI525728,12,Q2
2019,EF,19EF0856,23,97,97_100,PI297171,12,Q2
2019,EF,19EF0857,23,93,93_96,PI526124,12,Q2
2019,EF,19EF0858,23,89,89_92,PI521041,12,Q2
2019,EF,19EF0859,23,85,85_88,PI514431,12,CHK-D
2019,EF,19EF0860,23,81,81_84,PI660613,12,Q2
2019,EF,19EF0861,23,77,77_80,PI453162,8,Q4
2019,EF,19EF0862,23,73,73_76,PI329319,8,Q4
2019,EF,19EF0863,23,69,69_72,NSL365694,8,Q4
2019,EF,19EF0864,23,65,65_68,PI329615,8,Q4
2019,EF,19EF0865,23,61,61_64,PI156248,8,Q4
2019,EF,19EF0866,23,57,57_60,PI563009,8,Q4
2019,EF,19EF0867,23,53,53_56,NSL50716,8,Q4
2019,EF,19EF0868,23,49,49_52,PI563353,8,Q4
2019,EF,19EF0869,23,45,45_48,PI276801,8,CHK-A
2019,EF,19EF0870,23,41,41_44,PI152611,8,Q4
2019,EF,19EF0871,23,37,37_40,PI569420,4,Q4
2019,EF,19EF0872,23,33,33_36,PI276785,4,Q4
2019,EF,19EF0873,23,29,29_32,PI513912,4,Q4
2019,EF,19EF0874,23,25,25_28,PI276830,4,Q4
2019,EF,19EF0875,23,21,21_24,PI329546,4,Q4
2019,EF,19EF0876,23,17,17_20,PI153852,4,Q4
2019,EF,19EF0877,23,13,13_16,PI329518,4,Q4
2019,EF,19EF0878,23,9,9_12,PI660640,4,Q4
2019,EF,19EF0879,23,5,5_8,PI148089,4,CHK-F
2019,EF,19EF0880,23,1,1_4,PI329480,4,Q4
2019,EF,19EF0881,24,1,1_4,PI585948,4,Q4
2019,EF,19EF0882,24,5,5_8,PI526101,4,Q4
2019,EF,19EF0883,24,9,9_12,PI665099,4,Q4
2019,EF,19EF0884,24,13,13_16,PI297117,4,Q4
2019,EF,19EF0885,24,17,17_20,PI153859,4,Q4
2019,EF,19EF0886,24,21,21_24,PI524475,4,Q4
2019,EF,19EF0887,24,25,25_28,PI665112,4,Q4
2019,EF,19EF0888,24,29,29_32,PI514431,4,CHK-D
2019,EF,19EF0889,24,33,33_36,PI570075,4,Q4
2019,EF,19EF0890,24,37,37_40,PI148084,4,Q4
2019,EF,19EF0891,24,41,41_44,PI660618,8,Q4
2019,EF,19EF0892,24,45,45_48,PI563039,8,Q4
2019,EF,19EF0893,24,49,49_52,PI452563,8,Q4
2019,EF,19EF0894,24,53,53_56,PI571020,8,Q4
2019,EF,19EF0895,24,57,57_60,PI329633,8,Q4
2019,EF,19EF0896,24,61,61_64,PI329614,8,Q4
2019,EF,19EF0897,24,65,65_68,PI563021,8,Q4
2019,EF,19EF0898,24,69,69_72,Pacesetter,8,CHK-E
2019,EF,19EF0899,24,73,73_76,PI660630,8,Q4
2019,EF,19EF0900,24,77,77_80,PI651103,8,Q4
2019,EF,19EF0901,24,81,81_84,PI665153,12,Q2
2019,EF,19EF0902,24,85,85_88,PI514431,12,Q2
2019,EF,19EF0903,24,89,89_92,PI525827,12,Q2
2019,EF,19EF0904,24,93,93_96,PI526152,12,Q2
2019,EF,19EF0905,24,97,97_100,PI505730,12,Q2
2019,EF,19EF0906,24,101,101_104,PI651141,12,Q2
2019,EF,19EF0907,24,105,105_108,PI453245,12,Q2
2019,EF,19EF0908,24,109,109_112,PI521032,12,CHK-C
2019,EF,19EF0909,24,113,113_116,PI665110,12,Q2
2019,EF,19EF0910,24,117,117_120,PI452845,12,Q2
2019,EF,19EF0911,24,121,121_124,PI505720,16,Q2
2019,EF,19EF0912,24,125,125_128,PI521025,16,Q2
2019,EF,19EF0913,24,129,129_132,PI329482,16,Q2
2019,EF,19EF0914,24,133,133_136,PI276772,16,Q2
2019,EF,19EF0915,24,137,137_140,PI665106,16,Q2
2019,EF,19EF0916,24,141,141_144,PI660593,16,Q2
2019,EF,19EF0917,24,145,145_148,NSL55279,16,Q2
2019,EF,19EF0918,24,149,149_152,PI276801,16,CHK-A
2019,EF,19EF0919,24,153,153_156,PI153860,16,Q2
2019,EF,19EF0920,24,157,157_160,PI452567,16,Q2
2019,EF,19EF0921,25,157,157_160,PI452931,16,Q2
2019,EF,19EF0922,25,153,153_156,PI665097,16,Q2
2019,EF,19EF0923,25,149,149_152,PI156143,16,Q2
2019,EF,19EF0924,25,145,145_148,PI457178,16,Q2
2019,EF,19EF0925,25,141,141_144,PI525968,16,Q2
2019,EF,19EF0926,25,137,137_140,PI514431,16,CHK-D
2019,EF,19EF0927,25,133,133_136,PI660611,16,Q2
2019,EF,19EF0928,25,129,129_132,PI526034,16,Q2
2019,EF,19EF0929,25,125,125_128,PI647743,16,Q2
2019,EF,19EF0930,25,121,121_124,PI525919,16,Q2
2019,EF,19EF0931,25,117,117_120,PI665118,12,Q2
2019,EF,19EF0932,25,113,113_116,PI454494,12,Q2
2019,EF,19EF0933,25,109,109_112,PI505719,12,Q2
2019,EF,19EF0934,25,105,105_108,PI153844,12,Q2
2019,EF,19EF0935,25,101,101_104,PI221625,12,Q2
2019,EF,19EF0936,25,97,97_100,PI563186,12,Q2
2019,EF,19EF0937,25,93,93_96,PI148089,12,CHK-F
2019,EF,19EF0938,25,89,89_92,PI521290,12,Q2
2019,EF,19EF0939,25,85,85_88,PI481843,12,Q2
2019,EF,19EF0940,25,81,81_84,PI248318,12,Q2
2019,EF,19EF0941,25,77,77_80,PI152591,8,Q4
2019,EF,19EF0942,25,73,73_76,PI452967,8,Q4
2019,EF,19EF0943,25,69,69_72,NSL54224,8,Q4
2019,EF,19EF0944,25,65,65_68,PI665160,8,Q4
2019,EF,19EF0945,25,61,61_64,PI585951,8,Q4
2019,EF,19EF0946,25,57,57_60,NSL51961,8,CHK-B
2019,EF,19EF0947,25,53,53_56,PI152730,8,Q4
2019,EF,19EF0948,25,49,49_52,PI329501,8,Q4
2019,EF,19EF0949,25,45,45_48,PI665159,8,Q4
2019,EF,19EF0950,25,41,41_44,PI453953,8,Q4
2019,EF,19EF0951,25,37,37_40,PI660631,4,Q4
2019,EF,19EF0952,25,33,33_36,PI651124,4,Q4
2019,EF,19EF0953,25,29,29_32,PI660645,4,Q4
2019,EF,19EF0954,25,25,25_28,PI660643,4,Q4
2019,EF,19EF0955,25,21,21_24,PI524505,4,Q4
2019,EF,19EF0956,25,17,17_20,PI453914,4,Q4
2019,EF,19EF0957,25,13,13_16,PI276801,4,CHK-A
2019,EF,19EF0958,25,9,9_12,PI282835,4,Q4
2019,EF,19EF0959,25,5,5_8,PI660605,4,Q4
2019,EF,19EF0960,25,1,1_4,PI330969,4,Q4
