date,range,first_row,row_density,comment
7/12/2019,2,1,16.5,
7/12/2019,3,1,20.5,
7/12/2019,4,1,16,
7/12/2019,5,1,15.5,
7/12/2019,6,1,27.5,
7/12/2019,7,1,17,
7/12/2019,8,1,20,
7/12/2019,9,1,25.5,
7/12/2019,10,1,19.5,
7/12/2019,11,1,14.5,
7/12/2019,12,1,13,
7/12/2019,13,1,20.5,
7/12/2019,14,1,21,
7/12/2019,15,1,21.5,
7/12/2019,16,1,21.5,
7/12/2019,17,1,18.5,
7/12/2019,18,1,8.5,
7/12/2019,19,1,9,
7/12/2019,20,1,21,
7/12/2019,21,1,16.5,
7/12/2019,22,1,18,
7/12/2019,23,1,20,
7/12/2019,24,1,21.5,
7/12/2019,25,1,10.5,
7/12/2019,25,5,13.5,
7/12/2019,24,5,11.5,
7/12/2019,23,5,10,
7/12/2019,22,5,11.5,
7/12/2019,21,5,9.5,
7/12/2019,20,5,7.5,
7/12/2019,19,5,14.5,
7/12/2019,18,5,13.5,
7/12/2019,17,5,19.5,
7/12/2019,16,5,17.5,
7/12/2019,15,5,15.5,
7/12/2019,14,5,16.5,
7/12/2019,13,5,15,
7/12/2019,12,5,17,
7/12/2019,11,5,17.5,
7/12/2019,10,5,20,
7/12/2019,9,5,19.5,
7/12/2019,8,5,17,
7/12/2019,7,5,10,
7/12/2019,6,5,15.5,
7/12/2019,5,5,18,
7/12/2019,4,5,12,
7/12/2019,3,5,13,
7/12/2019,2,5,21,
7/12/2019,2,9,14,
7/12/2019,3,9,18.5,
7/12/2019,4,9,10.5,
7/12/2019,5,9,10.5,
7/12/2019,6,9,16.5,
7/12/2019,7,9,14,
7/12/2019,8,9,18,
7/12/2019,9,9,19.5,
7/12/2019,10,9,16.5,
7/12/2019,11,9,14.5,
7/12/2019,12,9,11.5,
7/12/2019,13,9,17.5,
7/12/2019,14,9,13.5,
7/12/2019,15,9,24,
7/12/2019,16,9,20,
7/12/2019,17,9,17,
7/12/2019,18,9,15,
7/12/2019,19,9,7,
7/12/2019,20,9,8,
7/12/2019,21,9,15.5,
7/12/2019,22,9,14,
7/12/2019,23,9,9.5,
7/12/2019,24,9,15,
7/12/2019,25,9,14.5,
7/12/2019,25,13,16.5,
7/12/2019,24,13,16.5,
7/12/2019,23,13,14,
7/12/2019,22,13,14.5,
7/12/2019,21,13,16,
7/12/2019,20,13,13.5,
7/12/2019,19,13,10,
7/12/2019,18,13,10.5,
7/12/2019,17,13,18,
7/12/2019,16,13,13.5,
7/12/2019,15,13,9.5,
7/12/2019,14,13,13.5,
7/12/2019,13,13,16,
7/12/2019,12,13,19.5,
7/12/2019,11,13,13,
7/12/2019,10,13,16,
7/12/2019,9,13,15.5,
7/12/2019,8,13,14,
7/12/2019,7,13,16,
7/12/2019,6,13,19,
7/12/2019,5,13,19.5,
7/12/2019,4,13,21.5,
7/12/2019,3,13,21,
7/12/2019,2,13,14.5,
7/12/2019,2,17,17.5,
7/12/2019,3,17,15.5,
7/12/2019,4,17,7,
7/12/2019,5,17,16.5,
7/12/2019,6,17,11,
7/12/2019,7,17,19.5,
7/12/2019,8,17,16.5,
7/12/2019,9,17,13.5,
7/12/2019,10,17,17.5,
7/12/2019,11,17,16.5,
7/12/2019,12,17,16,
7/12/2019,13,17,13.5,
7/12/2019,14,17,15,
7/12/2019,15,17,17,
7/12/2019,16,17,17,
7/12/2019,17,17,21.5,
7/12/2019,18,17,12.5,
7/12/2019,19,17,9.5,
7/12/2019,20,17,9,
7/12/2019,21,17,12.5,
7/12/2019,22,17,17,
7/12/2019,23,17,16,
7/12/2019,24,17,16,
7/12/2019,25,17,19.5,
7/12/2019,25,21,9.5,
7/12/2019,24,21,17.5,
7/12/2019,23,21,12.5,
7/12/2019,22,21,11,
7/12/2019,21,21,12,
7/12/2019,20,21,11,
7/12/2019,19,21,6.5,
7/12/2019,18,21,9.5,
7/12/2019,17,21,12.5,
7/12/2019,16,21,15.5,
7/12/2019,15,21,15.5,
7/12/2019,14,21,16,
7/12/2019,13,21,10.5,
7/12/2019,12,21,14,
7/12/2019,11,21,16,
7/12/2019,10,21,14,
7/12/2019,9,21,15.5,
7/12/2019,8,21,9.5,
7/12/2019,7,21,24,
7/12/2019,6,21,17,
7/12/2019,5,21,10,
7/12/2019,4,21,18.5,
7/12/2019,3,21,11.5,
7/12/2019,2,21,24,
7/12/2019,2,25,16.5,
7/12/2019,3,25,14.5,
7/12/2019,4,25,11,
7/12/2019,5,25,8,
7/12/2019,6,25,14,
7/12/2019,7,25,13.5,
7/12/2019,8,25,9.5,
7/12/2019,9,25,16,
7/12/2019,10,25,15.5,
7/12/2019,11,25,12.5,
7/12/2019,12,25,19,
7/12/2019,13,25,14,
7/12/2019,14,25,16.5,
7/12/2019,15,25,14,
7/12/2019,16,25,18,
7/12/2019,17,25,12.5,
7/12/2019,18,25,11,
7/12/2019,19,25,7,
7/12/2019,20,25,14,
7/12/2019,21,25,16,
7/12/2019,22,25,11.5,
7/12/2019,23,25,11,
7/12/2019,24,25,7.5,
7/12/2019,25,25,8.5,
7/12/2019,25,29,9,
7/12/2019,24,29,11.5,
7/12/2019,23,29,12.5,
7/12/2019,22,29,17,
7/12/2019,21,29,11.5,
7/12/2019,20,29,18,
7/12/2019,19,29,9.5,
7/12/2019,18,29,9.5,
7/12/2019,17,29,9.5,
7/12/2019,16,29,12.5,
7/12/2019,15,29,13.5,
7/12/2019,14,29,11.5,
7/12/2019,13,29,10,
7/12/2019,12,29,11.5,
7/12/2019,11,29,10.5,
7/12/2019,10,29,12,
7/12/2019,9,29,11,
7/12/2019,8,29,17.5,
7/12/2019,7,29,4.5,
7/12/2019,6,29,12,
7/12/2019,5,29,13.5,
7/12/2019,4,29,13.5,
7/12/2019,3,29,15,
7/12/2019,2,29,10.5,
7/12/2019,2,33,12.5,
7/12/2019,3,33,9.5,
7/12/2019,4,33,8.5,
7/12/2019,5,33,14.5,
7/12/2019,6,33,12,
7/12/2019,7,33,16.5,
7/12/2019,8,33,14,
7/12/2019,9,33,10.5,
7/12/2019,10,33,13.5,
7/12/2019,11,33,17,
7/12/2019,12,33,23.5,
7/12/2019,13,33,11.5,
7/12/2019,14,33,16.5,
7/12/2019,15,33,12.5,
7/12/2019,16,33,7,
7/12/2019,17,33,12.5,
7/12/2019,18,33,11.5,
7/12/2019,19,33,10,
7/12/2019,20,33,16.5,
7/12/2019,21,33,11.5,
7/12/2019,22,33,20,
7/12/2019,23,33,16,
7/12/2019,24,33,12.5,
7/12/2019,25,33,11,
7/12/2019,25,37,9.5,
7/12/2019,24,37,7.5,
7/12/2019,23,37,9,
7/12/2019,22,37,9,
7/12/2019,21,37,8,
7/12/2019,20,37,1,
7/12/2019,19,37,6,
7/12/2019,18,37,13,
7/12/2019,17,37,14,
7/12/2019,16,37,11.5,
7/12/2019,15,37,5.5,
7/12/2019,14,37,8,
7/12/2019,13,37,19,
7/12/2019,12,37,14,
7/12/2019,11,37,11.5,
7/12/2019,10,37,12,
7/12/2019,9,37,13,
7/12/2019,8,37,12.5,
7/12/2019,7,37,14,
7/12/2019,6,37,8,
7/12/2019,5,37,11.5,
7/12/2019,4,37,8,
7/12/2019,3,37,16.5,
7/12/2019,2,37,11,
7/12/2019,2,41,10,
7/12/2019,3,41,13.5,
7/12/2019,4,41,12.5,
7/12/2019,5,41,13.5,
7/12/2019,6,41,10.5,
7/12/2019,7,41,9.5,
7/12/2019,8,41,24,
7/12/2019,9,41,6.5,
7/12/2019,10,41,7,
7/12/2019,11,41,10.5,
7/12/2019,12,41,11,
7/12/2019,13,41,14.5,
7/12/2019,14,41,4.5,
7/12/2019,15,41,17,
7/12/2019,16,41,9.5,
7/12/2019,17,41,12,
7/12/2019,18,41,6.5,
7/12/2019,19,41,11.5,
7/12/2019,20,41,10.5,
7/12/2019,21,41,6.5,
7/12/2019,22,41,6.5,
7/12/2019,23,41,11.5,
7/12/2019,24,41,14,
7/12/2019,25,41,12.5,
7/12/2019,25,45,10.5,
7/12/2019,24,45,11.5,
7/12/2019,23,45,17,
7/12/2019,22,45,7.5,
7/12/2019,21,45,10,
7/12/2019,20,45,11,
7/12/2019,19,45,8.5,
7/12/2019,18,45,7.5,
7/12/2019,17,45,15.5,
7/12/2019,16,45,6.5,
7/12/2019,15,45,8.5,
7/12/2019,14,45,5.5,
7/12/2019,13,45,10,
7/12/2019,12,45,7,
7/12/2019,11,45,10,
7/12/2019,10,45,17,
7/12/2019,9,45,13,
7/12/2019,8,45,7.5,
7/12/2019,7,45,15,
7/12/2019,6,45,15.5,
7/12/2019,5,45,10,
7/12/2019,4,45,9.5,
7/12/2019,3,45,12,
7/12/2019,2,45,13,
7/12/2019,2,49,16,
7/12/2019,3,49,20.5,
7/12/2019,4,49,16.5,
7/12/2019,5,49,15.5,
7/12/2019,6,49,15,
7/12/2019,7,49,16.5,
7/12/2019,8,49,19,
7/12/2019,9,49,18.5,
7/12/2019,10,49,22,
7/12/2019,11,49,28.5,
7/12/2019,12,49,19,
7/12/2019,13,49,32,
7/12/2019,14,49,19,
7/12/2019,15,49,14,
7/12/2019,16,49,12,
7/12/2019,17,49,20.5,
7/12/2019,18,49,16.5,
7/12/2019,19,49,10.5,
7/12/2019,20,49,10,
7/12/2019,21,49,17.5,
7/12/2019,22,49,22,
7/12/2019,23,49,22,
7/12/2019,24,49,23.5,
7/12/2019,25,49,14.5,
7/12/2019,25,53,8,
7/12/2019,24,53,6,
7/12/2019,23,53,11,
7/12/2019,22,53,8.5,
7/12/2019,21,53,10,
7/12/2019,20,53,9.5,
7/12/2019,19,53,11.5,
7/12/2019,18,53,8.5,
7/12/2019,17,53,6.5,
7/12/2019,16,53,12,
7/12/2019,15,53,13,
7/12/2019,14,53,8.5,
7/12/2019,13,53,12.5,
7/12/2019,12,53,8,
7/12/2019,11,53,9.5,
7/12/2019,10,53,7.5,
7/12/2019,9,53,12.5,
7/12/2019,8,53,16.5,
7/12/2019,7,53,16,
7/12/2019,6,53,11,
7/12/2019,5,53,15,
7/12/2019,4,53,8,
7/12/2019,3,53,11.5,
7/12/2019,2,53,13,
7/12/2019,2,57,13.5,
7/12/2019,3,57,8,
7/12/2019,4,57,11,
7/12/2019,5,57,10.5,
7/12/2019,6,57,11,
7/12/2019,7,57,14,
7/12/2019,8,57,14.5,
7/12/2019,9,57,13,
7/12/2019,10,57,10.5,
7/12/2019,11,57,14.5,
7/12/2019,12,57,15,
7/12/2019,13,57,12.5,
7/12/2019,14,57,14,
7/12/2019,15,57,12.5,
7/12/2019,16,57,13,
7/12/2019,17,57,10.5,
7/12/2019,18,57,10.5,
7/12/2019,19,57,13.5,
7/12/2019,20,57,17,
7/12/2019,21,57,18.5,
7/12/2019,22,57,13,
7/12/2019,23,57,12,
7/12/2019,24,57,15.5,
7/12/2019,25,57,17,
7/12/2019,25,61,13.5,
7/12/2019,24,61,8,
7/12/2019,23,61,8.5,
7/12/2019,22,61,12,
7/12/2019,21,61,9,
7/12/2019,20,61,11,
7/12/2019,19,61,13,
7/12/2019,18,61,15.5,
7/12/2019,17,61,18,
7/12/2019,16,61,20,
7/12/2019,15,61,13.5,
7/12/2019,14,61,12,
7/12/2019,13,61,14,
7/12/2019,12,61,16,
7/12/2019,11,61,13.5,
7/12/2019,10,61,9.5,
7/12/2019,9,61,10,
7/12/2019,8,61,11.5,
7/12/2019,7,61,13.5,
7/12/2019,6,61,24,
7/12/2019,5,61,9,
7/12/2019,4,61,11,
7/12/2019,3,61,16,
7/12/2019,2,61,16,
7/12/2019,2,65,10.5,
7/12/2019,3,65,15,
7/12/2019,4,65,8.5,
7/12/2019,5,65,6.5,
7/12/2019,6,65,8.5,
7/12/2019,7,65,13.5,
7/12/2019,8,65,15.5,
7/12/2019,9,65,12,
7/12/2019,10,65,12,
7/12/2019,11,65,10,
7/12/2019,12,65,9.5,
7/12/2019,13,65,9.5,
7/12/2019,14,65,17.5,
7/12/2019,15,65,8,
7/12/2019,16,65,11,
7/12/2019,17,65,10.5,
7/12/2019,18,65,12,
7/12/2019,19,65,14.5,
7/12/2019,20,65,9.5,
7/12/2019,21,65,10.5,
7/12/2019,22,65,8,
7/12/2019,23,65,10,
7/12/2019,24,65,9,
7/12/2019,25,65,12,
7/12/2019,25,69,9,
7/12/2019,24,69,14.5,
7/12/2019,23,69,9,
7/12/2019,22,69,9,
7/12/2019,21,69,9.5,
7/12/2019,20,69,11,
7/12/2019,19,69,9,
7/12/2019,18,69,14,
7/12/2019,17,69,13.5,
7/12/2019,16,69,11,
7/12/2019,15,69,11,
7/12/2019,14,69,10,
7/12/2019,13,69,12.5,
7/12/2019,12,69,10.5,
7/12/2019,11,69,11,
7/12/2019,10,69,9,
7/12/2019,9,69,9.5,
7/12/2019,8,69,11,
7/12/2019,7,69,11.5,
7/12/2019,6,69,9,
7/12/2019,5,69,13.5,
7/12/2019,4,69,11,
7/12/2019,3,69,10,
7/12/2019,2,69,10,
7/12/2019,2,73,7,
7/12/2019,3,73,9.5,
7/12/2019,4,73,10.5,
7/12/2019,5,73,7.5,
7/12/2019,6,73,7,
7/12/2019,7,73,14,
7/12/2019,8,73,8,
7/12/2019,9,73,9,
7/12/2019,10,73,8.5,
7/12/2019,11,73,13,
7/12/2019,12,73,9.5,
7/12/2019,13,73,10,
7/12/2019,14,73,10.5,
7/12/2019,15,73,11,
7/12/2019,16,73,11,
7/12/2019,17,73,12.5,
7/12/2019,18,73,11.5,
7/12/2019,19,73,13,
7/12/2019,20,73,10.5,
7/12/2019,21,73,10,
7/12/2019,22,73,11.5,
7/12/2019,23,73,8.5,
7/12/2019,24,73,13.5,
7/12/2019,25,73,10,
7/12/2019,25,77,7.5,
7/12/2019,24,77,13,
7/12/2019,23,77,12,
7/12/2019,22,77,9.5,
7/12/2019,21,77,7,
7/12/2019,20,77,13.5,
7/12/2019,19,77,11,
7/12/2019,18,77,9.5,
7/12/2019,17,77,9,
7/12/2019,16,77,15.5,
7/12/2019,15,77,10,
7/12/2019,14,77,10.5,
7/12/2019,13,77,6.5,
7/12/2019,12,77,11.5,
7/12/2019,11,77,14,
7/12/2019,10,77,12.5,
7/12/2019,9,77,12,
7/12/2019,8,77,9.5,
7/12/2019,7,77,16.5,
7/12/2019,6,77,13.5,
7/12/2019,5,77,10,
7/12/2019,4,77,8.5,
7/12/2019,3,77,10.5,
7/12/2019,2,77,8.5,
7/12/2019,2,81,9,
7/12/2019,3,81,9.5,
7/12/2019,4,81,12.5,
7/12/2019,5,81,7,
7/12/2019,6,81,9,
7/12/2019,7,81,8,
7/12/2019,8,81,12.5,
7/12/2019,9,81,8,
7/12/2019,10,81,10,
7/12/2019,11,81,11,
7/12/2019,12,81,11,
7/12/2019,13,81,11.5,
7/12/2019,14,81,6,
7/12/2019,15,81,7.5,
7/12/2019,16,81,11.5,
7/12/2019,17,81,10.5,
7/12/2019,18,81,14,
7/12/2019,19,81,16,
7/12/2019,20,81,7,
7/12/2019,21,81,6.5,
7/12/2019,22,81,10.5,
7/12/2019,23,81,12,
7/12/2019,24,81,9.5,
7/12/2019,25,81,11,
7/12/2019,25,85,17,
7/12/2019,24,85,15.5,
7/12/2019,23,85,14,
7/12/2019,22,85,10,
7/12/2019,21,85,5.5,
7/12/2019,20,85,12.5,
7/12/2019,19,85,9.5,
7/12/2019,18,85,10.5,
7/12/2019,17,85,13,
7/12/2019,16,85,17,
7/12/2019,15,85,15,
7/12/2019,14,85,11.5,
7/12/2019,13,85,15,
7/12/2019,12,85,10.5,
7/12/2019,11,85,13.5,
7/12/2019,10,85,14,
7/12/2019,9,85,11.5,
7/12/2019,8,85,11.5,
7/12/2019,7,85,12.5,
7/12/2019,6,85,9.5,
7/12/2019,5,85,9.5,
7/12/2019,4,85,10.5,
7/12/2019,3,85,7.5,
7/12/2019,2,85,9.5,
7/12/2019,2,89,13,
7/12/2019,3,89,16.5,
7/12/2019,4,89,12.5,
7/12/2019,5,89,11,
7/12/2019,6,89,11.5,
7/12/2019,7,89,9.5,
7/12/2019,8,89,12,
7/12/2019,9,89,14,
7/12/2019,10,89,14,
7/12/2019,11,89,14,
7/12/2019,12,89,16,
7/12/2019,13,89,11.5,
7/12/2019,14,89,12,
7/12/2019,15,89,10.5,
7/12/2019,16,89,16.5,
7/12/2019,17,89,13.5,
7/12/2019,18,89,11,
7/12/2019,19,89,8.5,
7/12/2019,20,89,9.5,
7/12/2019,21,89,16.5,
7/12/2019,22,89,12,
7/12/2019,23,89,12,
7/12/2019,24,89,14.5,
7/12/2019,25,89,12.5,
7/12/2019,25,93,4.5,
7/12/2019,24,93,11,
7/12/2019,23,93,10.5,
7/12/2019,22,93,11.5,
7/12/2019,21,93,10,
7/12/2019,20,93,9,
7/12/2019,19,93,14,
7/12/2019,18,93,9,
7/12/2019,17,93,20.5,
7/12/2019,16,93,15.5,
7/12/2019,15,93,13.5,
7/12/2019,14,93,11,
7/12/2019,13,93,9,
7/12/2019,12,93,11.5,
7/12/2019,11,93,9,
7/12/2019,10,93,9.5,
7/12/2019,9,93,14,
7/12/2019,8,93,14,
7/12/2019,7,93,8,
7/12/2019,6,93,14.5,
7/12/2019,5,93,10.5,
7/12/2019,4,93,5.5,
7/12/2019,3,93,15.5,
7/12/2019,2,93,12.5,
7/12/2019,2,97,12,
7/12/2019,3,97,11.5,
7/12/2019,4,97,10,
7/12/2019,5,97,10.5,
7/12/2019,6,97,9,
7/12/2019,7,97,4.5,
7/12/2019,8,97,10,
7/12/2019,9,97,10.5,
7/12/2019,10,97,11,
7/12/2019,11,97,13.5,
7/12/2019,12,97,10.5,
7/12/2019,13,97,8,
7/12/2019,14,97,9.5,
7/12/2019,15,97,11.5,
7/12/2019,16,97,8,
7/12/2019,17,97,11,
7/12/2019,18,97,13,
7/12/2019,19,97,10,
7/12/2019,20,97,7,
7/12/2019,21,97,6.5,
7/12/2019,22,97,9,
7/12/2019,23,97,10.5,
7/12/2019,24,97,10,
7/12/2019,25,97,7,
7/12/2019,2,101,10.5,
7/12/2019,3,101,9,
7/12/2019,4,101,10,
7/12/2019,5,101,10,
7/12/2019,6,101,10.5,
7/12/2019,7,101,4,
7/12/2019,8,101,7,
7/12/2019,9,101,9.5,
7/12/2019,10,101,9,
7/12/2019,11,101,16,
7/12/2019,12,101,10.5,
7/12/2019,13,101,11,
7/12/2019,14,101,7.5,
7/12/2019,15,101,8.5,
7/12/2019,16,101,1.5,
7/12/2019,17,101,4,
7/12/2019,18,101,11,
7/12/2019,19,101,16,
7/12/2019,20,101,13,
7/12/2019,21,101,8.5,
7/12/2019,22,101,8,
7/12/2019,23,101,6,
7/12/2019,24,101,9,
7/12/2019,25,101,7,
7/12/2019,25,105,16.5,
7/12/2019,24,105,15.5,
7/12/2019,23,105,21.5,
7/12/2019,22,105,17,
7/12/2019,21,105,16,
7/12/2019,20,105,14.5,
7/12/2019,19,105,16.5,
7/12/2019,18,105,21,
7/12/2019,17,105,16,
7/12/2019,16,105,16,
7/12/2019,15,105,21.5,
7/12/2019,14,105,13,
7/12/2019,13,105,16,
7/12/2019,12,105,11.5,
7/12/2019,11,105,15,
7/12/2019,10,105,15.5,
7/12/2019,9,105,16,
7/12/2019,8,105,14.5,
7/12/2019,7,105,10,
7/12/2019,6,105,15.5,
7/12/2019,5,105,13.5,
7/12/2019,4,105,10.5,
7/12/2019,3,105,10,
7/12/2019,2,105,15,
7/12/2019,2,109,11.5,
7/12/2019,3,109,19.5,
7/12/2019,4,109,11,
7/12/2019,5,109,18,
7/12/2019,6,109,15.5,
7/12/2019,7,109,16,
7/12/2019,8,109,13.5,
7/12/2019,9,109,14,
7/12/2019,10,109,15,
7/12/2019,11,109,14,
7/12/2019,12,109,12.5,
7/12/2019,13,109,13.5,
7/12/2019,14,109,13,
7/12/2019,15,109,13.5,
7/12/2019,16,109,13,
7/12/2019,17,109,12.5,
7/12/2019,18,109,12,
7/12/2019,19,109,13,
7/12/2019,20,109,10.5,
7/12/2019,21,109,11.5,
7/12/2019,22,109,7,
7/12/2019,23,109,11.5,
7/12/2019,24,109,9.5,
7/12/2019,25,109,10.5,
7/12/2019,25,113,10,
7/12/2019,24,113,10,
7/12/2019,23,113,13,
7/12/2019,22,113,10,
7/12/2019,21,113,8.5,
7/12/2019,20,113,10,
7/12/2019,19,113,6.5,
7/12/2019,18,113,12,
7/12/2019,17,113,15,
7/12/2019,16,113,12,
7/12/2019,15,113,11.5,
7/12/2019,14,113,14.5,
7/12/2019,13,113,14,
7/12/2019,12,113,13,
7/12/2019,11,113,13,
7/12/2019,10,113,12,
7/12/2019,9,113,16,
7/12/2019,8,113,11,
7/12/2019,7,113,13.5,
7/12/2019,6,113,13.5,
7/12/2019,5,113,10.5,
7/12/2019,4,113,8.5,
7/12/2019,3,113,8,
7/12/2019,2,113,11,
7/12/2019,2,117,8.5,
7/12/2019,3,117,11,
7/12/2019,4,117,7,
7/12/2019,5,117,8,
7/12/2019,6,117,10.5,
7/12/2019,7,117,10,
7/12/2019,8,117,10,
7/12/2019,9,117,13.5,
7/12/2019,10,117,9.5,
7/12/2019,11,117,10.5,
7/12/2019,12,117,11.5,
7/12/2019,13,117,11.5,
7/12/2019,14,117,8,
7/12/2019,15,117,13,
7/12/2019,16,117,12,
7/12/2019,17,117,12.5,
7/12/2019,18,117,12,
7/12/2019,19,117,12.5,
7/12/2019,20,117,9.5,
7/12/2019,21,117,9,
7/12/2019,22,117,12.5,
7/12/2019,23,117,6.5,
7/12/2019,24,117,7.5,
7/12/2019,25,117,10,
7/12/2019,25,121,11.5,
7/12/2019,24,121,10,
7/12/2019,23,121,14.5,
7/12/2019,22,121,15,
7/12/2019,21,121,11,
7/12/2019,20,121,8.5,
7/12/2019,19,121,13,
7/12/2019,18,121,17.5,
7/12/2019,17,121,14,
7/12/2019,16,121,11.5,
7/12/2019,15,121,14.5,
7/12/2019,14,121,16.5,
7/12/2019,13,121,10,
7/12/2019,12,121,16,
7/12/2019,11,121,14.5,
7/12/2019,10,121,12,
7/12/2019,9,121,12,
7/12/2019,8,121,12,
7/12/2019,7,121,12,
7/12/2019,6,121,14,
7/12/2019,5,121,10,
7/12/2019,4,121,8,
7/12/2019,3,121,13.5,
7/12/2019,2,121,16,
7/12/2019,2,125,14.5,
7/12/2019,3,125,12,
7/12/2019,4,125,15,
7/12/2019,5,125,12,
7/12/2019,6,125,12.5,
7/12/2019,7,125,11,
7/12/2019,8,125,13,
7/12/2019,9,125,13,
7/12/2019,10,125,14,
7/12/2019,11,125,16.5,
7/12/2019,12,125,13.5,
7/12/2019,13,125,13.5,
7/12/2019,14,125,17,
7/12/2019,15,125,15,
7/12/2019,16,125,16.5,
7/12/2019,17,125,16,
7/12/2019,18,125,10.5,
7/12/2019,19,125,16.5,
7/12/2019,20,125,13,
7/12/2019,21,125,13.5,
7/12/2019,22,125,10,
7/12/2019,23,125,12.5,
7/12/2019,24,125,15,
7/12/2019,25,125,10.5,
7/12/2019,2,129,14.5,
7/12/2019,3,129,22,
7/12/2019,4,129,17,
7/12/2019,5,129,17.5,
7/12/2019,6,129,17.5,
7/12/2019,7,129,15,
7/12/2019,8,129,16.5,
7/12/2019,9,129,15.5,
7/12/2019,10,129,13.5,
7/12/2019,11,129,15.5,
7/12/2019,12,129,15,
7/12/2019,13,129,18.5,
7/12/2019,14,129,17.5,
7/12/2019,15,129,16,
7/12/2019,16,129,13,
7/12/2019,17,129,14,
7/12/2019,18,129,9.5,
7/12/2019,19,129,18.5,
7/12/2019,20,129,14.5,
7/12/2019,21,129,20,
7/12/2019,22,129,19,
7/12/2019,23,129,23,
7/12/2019,24,129,8.5,
7/12/2019,25,129,18.5,
7/12/2019,25,133,8.5,
7/12/2019,24,133,8.5,
7/12/2019,23,133,5,
7/12/2019,22,133,14,
7/12/2019,21,133,13.5,
7/12/2019,20,133,14.5,
7/12/2019,19,133,15.5,
7/12/2019,18,133,18.5,
7/12/2019,17,133,12,
7/12/2019,16,133,15.5,
7/12/2019,15,133,27.5,
7/12/2019,14,133,23,
7/12/2019,13,133,12.5,
7/12/2019,12,133,17.5,
7/12/2019,11,133,20.5,
7/12/2019,10,133,12,
7/12/2019,9,133,16,
7/12/2019,8,133,14.5,
7/12/2019,7,133,16,
7/12/2019,6,133,12.5,
7/12/2019,5,133,16.5,
7/12/2019,4,133,25,
7/12/2019,3,133,18,
7/12/2019,2,133,16,
7/12/2019,2,137,18,
7/12/2019,3,137,21,
7/12/2019,4,137,20.5,
7/12/2019,5,137,19,
7/12/2019,6,137,18,
7/12/2019,7,137,26,
7/12/2019,8,137,17,
7/12/2019,9,137,15.5,
7/12/2019,10,137,13.5,
7/12/2019,11,137,17.5,
7/12/2019,12,137,21.5,
7/12/2019,13,137,14.5,
7/12/2019,14,137,15.5,
7/12/2019,15,137,16.5,
7/12/2019,16,137,16.5,
7/12/2019,17,137,12.5,
7/12/2019,18,137,18.5,
7/12/2019,19,137,13.5,
7/12/2019,20,137,8,
7/12/2019,21,137,20.5,
7/12/2019,22,137,20,
7/12/2019,23,137,19.5,
7/12/2019,24,137,16.5,
7/12/2019,25,137,24.5,
7/12/2019,25,141,12,
7/12/2019,24,141,15.5,
7/12/2019,23,141,16,
7/12/2019,22,141,12.5,
7/12/2019,21,141,7.5,
7/12/2019,20,141,12.5,
7/12/2019,19,141,13,
7/12/2019,18,141,11,
7/12/2019,17,141,13.5,
7/12/2019,16,141,22.5,
7/12/2019,15,141,15.5,
7/12/2019,14,141,19,
7/12/2019,13,141,12,
7/12/2019,12,141,13.5,
7/12/2019,11,141,20.5,
7/12/2019,10,141,14.5,
7/12/2019,9,141,18,
7/12/2019,8,141,15.5,
7/12/2019,7,141,14.5,
7/12/2019,6,141,14.5,
7/12/2019,5,141,10.5,
7/12/2019,4,141,20.5,
7/12/2019,3,141,19.5,
7/12/2019,2,141,17,
7/12/2019,2,145,19.5,
7/12/2019,3,145,21.5,
7/12/2019,4,145,15.5,
7/12/2019,5,145,22.5,
7/12/2019,6,145,20.5,
7/12/2019,7,145,15,
7/12/2019,8,145,14,
7/12/2019,9,145,16,
7/12/2019,10,145,18,
7/12/2019,11,145,14.5,
7/12/2019,12,145,14,
7/12/2019,13,145,23.5,
7/12/2019,14,145,16,
7/12/2019,15,145,16.5,
7/12/2019,16,145,16,
7/12/2019,17,145,12,
7/12/2019,18,145,16.5,
7/12/2019,19,145,9,
7/12/2019,20,145,15.5,
7/12/2019,21,145,15.5,
7/12/2019,22,145,24.5,
7/12/2019,23,145,20,
7/12/2019,24,145,11,
7/12/2019,25,145,16,
7/12/2019,25,149,8,
7/12/2019,24,149,12,
7/12/2019,23,149,16,
7/12/2019,22,149,18,
7/12/2019,21,149,26.5,
7/12/2019,20,149,13,
7/12/2019,19,149,10,
7/12/2019,18,149,16,
7/12/2019,17,149,18.5,
7/12/2019,16,149,18.5,
7/12/2019,15,149,20.5,
7/12/2019,14,149,21.5,
7/12/2019,13,149,15,
7/12/2019,12,149,14,
7/12/2019,11,149,21.5,
7/12/2019,10,149,17,
7/12/2019,9,149,11,
7/12/2019,8,149,15.5,
7/12/2019,7,149,17.5,
7/12/2019,6,149,21.5,
7/12/2019,5,149,21.5,
7/12/2019,4,149,21,
7/12/2019,3,149,18,
7/12/2019,2,149,23,
7/12/2019,2,153,19.5,
7/12/2019,3,153,18.5,
7/12/2019,4,153,18,
7/12/2019,5,153,17,
7/12/2019,6,153,14.5,
7/12/2019,7,153,17.5,
7/12/2019,8,153,18.5,
7/12/2019,9,153,20,
7/12/2019,10,153,15.5,
7/12/2019,11,153,24.5,
7/12/2019,12,153,15,
7/12/2019,13,153,21,
7/12/2019,14,153,26.5,
7/12/2019,15,153,24,
7/12/2019,16,153,26,
7/12/2019,17,153,17,
7/12/2019,18,153,20.5,
7/12/2019,19,153,14.5,
7/12/2019,20,153,15.5,
7/12/2019,21,153,30.5,
7/12/2019,22,153,14.5,
7/12/2019,23,153,18.5,
7/12/2019,24,153,27,
7/12/2019,25,153,19,
7/12/2019,25,157,19.5,
7/12/2019,24,157,15,
7/12/2019,23,157,15.5,
7/12/2019,22,157,18.5,
7/12/2019,21,157,15.5,
7/12/2019,20,157,8.5,
7/12/2019,19,157,15.5,
7/12/2019,18,157,16,
7/12/2019,17,157,21,
7/12/2019,16,157,16.5,
7/12/2019,15,157,15,
7/12/2019,14,157,13,
7/12/2019,13,157,14.5,
7/12/2019,12,157,21.5,
7/12/2019,11,157,11.5,
7/12/2019,10,157,14,
7/12/2019,9,157,15,
7/12/2019,8,157,20,
7/12/2019,7,157,13.5,
7/12/2019,6,157,6.5,
7/12/2019,5,157,17.5,
7/12/2019,4,157,17,
7/12/2019,3,157,19.5,
7/12/2019,2,157,17.5,
